ReviewID,Restaurant,Review,Total,Menu,Date,HasPicture,PlaceID,Author,VisitCount,ImageURLs,ImagePaths,ImageCount,VotedKeywords,VisitCategories,Tags,OwnerReply
69db430e3464e4a8cebb24b3,버거스타,너무 맛있습니다! 크림파스타 엄청 맛있어요!,,[세트]버거2+파스타+사이드+음,4.12.일,1,1243378372,gos****,1,https://pup-review-phinf.pstatic.net/MjAyNjA0MTJfNjAg/MDAxNzc1OTc3MjI4NDMw.JWPWaUTfU5QrtTcgwIkmdZzhXNibkChQvv0obenBjS8g.T3yhfsTEp8O697UPYnmQz5jiOwX32vVzegQ4tB9xNekg.JPEG/138B741C-E135-4E36-828C-2937C66137ED.jpeg,images/1243378372_0_0.jpg,1,"음식이 맛있어요, 인테리어가 멋져요, 음악이 좋아요","(예약 없이 이용), 대기 시간(바로 입장), (데이트), (연인・배우자)",,
69d9cdc1a5068e263759cdce,버거스타,"매장이 깔끔하고 음악이 신나요! 햄버거가 맛있어요! 
맛있는 음식 고맙습니다 :)",,버거스타 치즈버거세트,4.11.토,1,1243378372,jun****,1,https://pup-review-phinf.pstatic.net/MjAyNjA0MTFfNjYg/MDAxNzc1ODgxNjYyNjg3.KqwJqLvU1zJKfP0pJmuuJ7jkRAcz38crb5vZfrG3-kgg.wfsLiAMo_iDReHj7mxgRWnIexETn5iRhom8aTPMRwKYg.JPEG/AE50A636-2627-4427-A65E-77A017BF775B.jpeg | https://pup-review-phinf.pstatic.net/MjAyNjA0MTFfMTY2/MDAxNzc1ODgxNjYxNzEz.3ifz7hOW755z5GEPb1YM2HayYb0lGa2UjIS4oDPCyfsg.ynPZIj3w_C1EB8XDdombq2uwUY_NRG_w-eiX1eYRaoUg.JPEG/941DB597-D165-4234-962F-E78D59E49F42.jpeg?type=w1500_60_sharpen | https://pup-review-phinf.pstatic.net/MjAyNjA0MTFfMjE1/MDAxNzc1ODgxNjYzNjg4.AGdWbflcLLZMDNCPdlRRj2VhlIhIGqGRw2L-46fNgtIg.dDdSL2zfvqehetQnH61VntQ3dDIvTn-YetUonHryCU0g.JPEG/6DC1E155-1DBB-4D85-B665-6F940EA890DC.jpeg?type=w1500_60_sharpen,images/1243378372_1_1.jpg | images/1243378372_1_2.jpg | images/1243378372_1_0.jpg,3,"음식이 맛있어요, 재료가 신선해요, 메뉴 구성이 알차요, 인테리어가 멋져요, 대화하기 좋아요","(예약 없이 이용), 대기 시간(바로 입장), (데이트), (연인・배우자)",,
69d629cad600081dc69b6398,버거스타,진짜 수제버거 개맛집이에용!!!!! 진짜 최고!!!!,,리얼 새우버거세트,4.8.수,1,1243378372,ohh****,37,https://pup-review-phinf.pstatic.net/MjAyNjA0MDhfMjYz/MDAxNzc1NjQzMDY4NjA5.AfhIiMBv_6hJbmCf1CyElNzwgaib5whCowEE2RI7YXMg.6oRcJahpdgyt1QYXFh_jYow20kVhfiGcxU6kebrLhrYg.JPEG/image.jpg,images/1243378372_2_0.jpg,1,"음식이 맛있어요, 재료가 신선해요, 양이 많아요","(예약 없이 이용), 대기 시간(바로 입장), (일상), (혼자)",,
69d0c308541ec2941a0137b5,버거스타,사장님 사모님 두분 다 너무 친절하시고 수제버거 완전 맛집이에용!!! 강추해요!!!!,,텍사스 BBQ버거세트,4.4.토,1,1243378372,ohh****,36,https://pup-review-phinf.pstatic.net/MjAyNjA0MDRfMjA0/MDAxNzc1Mjg5MDcxMTY2.F0j1b0-fHP7zEt9xa1KZbNLiGBjQh5Z0pambeIRX95Qg.rBGJ_IDnoO5nBP-9-B9PdpS3NueYEjWGqi2rqw6EHyIg.JPEG/IMG_6669.jpeg,images/1243378372_3_0.jpg,1,"혼밥하기 좋아요, 친절해요, 매장이 청결해요","(예약 없이 이용), 대기 시간(바로 입장), (일상), (혼자)",,
69da1d1d8be2b05afe029bec,버거스타,리뉴얼된 메뉴 엄청 맛있어요.. 최근에 자주 못갔는데 자주 가려고요,,,4.11.토,0,1243378372,아듀43,4,,,0,"음식이 맛있어요, 재료가 신선해요, 양이 많아요, 혼밥하기 좋아요, 매장이 넓어요","(예약 없이 이용), 대기 시간(바로 입장), (데이트), (연인・배우자)",,
69ccf620784e623bea22352b,버거스타,"아이들이 너무 맛있다고 좋아해요
새우버거에 패티 추가해서 먹으면 극락을 맛보십니다
자주올게요~♡",,리얼새우버거,4.1.수,1,1243378372,바다같은사람,1,https://pup-review-phinf.pstatic.net/MjAyNjA0MDFfMTQw/MDAxNzc1MDM5OTk1OTg1.o0fe8wWQ8uc-s2k70VmuJdq3DkN-7OnPiN2E3HTvzd8g.5gxTqGCQdaVtIo2NTPCVVCRTJJ2ShXutXUp82AhX_hEg.JPEG/17750399869247454420301013418658.jpg,images/1243378372_5_0.jpg,1,"음식이 맛있어요, 재료가 신선해요, 인테리어가 멋져요, 혼밥하기 좋아요, 친절해요","(포장·배달 이용), 대기 시간(바로 입장), (친목), (아이,연인・배우자)",,
69cb398c179b11974ee3374c,버거스타,늘 너무 맛나게 먹고가용!!!! 새우버거 최고!!!!,,리얼 새우버거세트,3.31.화,1,1243378372,ohh****,35,https://pup-review-phinf.pstatic.net/MjAyNjAzMzFfODEg/MDAxNzc0OTI2MjA4MzU0.P_H5NqGccG5rRspIJrMp-_f4tH3MvLy828TXp2j8QUkg.n3CcrMEkdLAnMBaZlbGfJIMLOe0XM-mYu07T75vOzFkg.JPEG/IMG_6591.jpeg,images/1243378372_6_0.jpg,1,"친절해요, 매장이 청결해요, 혼밥하기 좋아요","(예약 없이 이용), 대기 시간(바로 입장), (일상), (혼자)",,
69be6f5c514e0d6791f82afd,버거스타,"다른 어떤 수제버거보다 훨씬 맛있어요~~ 오픈날부터 계속 단골이네요~텍사스, 새우버거만 먹어요~",,텍사스 BBQ버거,3.21.토,1,1243378372,ttl3618,7,https://pup-review-phinf.pstatic.net/MjAyNjAzMjFfNiAg/MDAxNzc0MDg4MDI2NTM3.VbDCfHj96uT_fFEpJ14Y8B3rDvO4DB30j5xTU9hfO9sg.xOUaflI9s1Yg2-7QujLZX3P1liMRV3OsosLjm2GM0YAg.JPEG/1000029449.jpg.jpg,images/1243378372_7_0.jpg,1,음식이 맛있어요,"(예약 없이 이용), 대기 시간(바로 입장), (일상), (연인・배우자)",,
69be6c7db84054e8619dd312,버거스타,새우버거 찐 맛집이에용!!! 늘 여기만 옵니당!!!! 최고!!,,리얼 새우버거세트,3.21.토,1,1243378372,ohh****,34,https://pup-review-phinf.pstatic.net/MjAyNjAzMjFfMjc4/MDAxNzc0MDg3Mjc1MjIx.9dh7nF95zzDkGVJcXQrsl5Jn03kAdNVIINNbPEEZoOIg.asA1MdkJoPpywjEp3N9-jVA6aDhDxKglwP1-Mv9JR98g.JPEG/IMG_6331.jpeg,images/1243378372_8_0.jpg,1,"음식이 맛있어요, 재료가 신선해요, 양이 많아요","(예약 없이 이용), 대기 시간(바로 입장), (일상), (혼자)",,
69bf6d8057726cde181b37d7,버거스타,햄버거 맛있어요!,,,3.22.일,0,1243378372,토이망치,4,,,0,음식이 맛있어요,,,
69bb7c28f5c950509924b59d,버거스타,"2인세트메뉴로 주문해서 먹었어요 2000원 할인도 되고~~  평소에 M도날드,L데리아같은 버거보단 수제버거를 좋아해서 찾아다니곤 하는데 맛집 찾았네요. 여기서 텍사스버거랑 버거스타치즈버거 먹어봤거요. 이번에 말고 저번에 새우버거도 먹어봤는데 전체적으로 버거가 맛있어요. 집근처라서 자주올듯해요 강추^^!",,[세트]버거2+파스타+사이드+음,3.19.목,1,1243378372,dud****,1,https://pup-review-phinf.pstatic.net/MjAyNjAzMTlfODMg/MDAxNzczODk0NTUzNzEw.fwoVSVaiXSUaBTEJvmkN_d2uAkQJAeWIZJNdtWpUe5Ig.f7CFpWvrafootAfmBihQ_6YP5E1G5Foruw9s-IRqYs8g.JPEG/20260319_132335.jpg,images/1243378372_10_0.jpg,1,"음식이 맛있어요, 재료가 신선해요, 양이 많아요, 특별한 메뉴가 있어요, 인테리어가 멋져요","(예약 없이 이용), 대기 시간(바로 입장), (데이트), (연인・배우자)",,
69bb9640b0e0be200b8faf6e,버거스타,"치즈버거는 기본에 충실하고 소스간도 세지 않아서 좋았네요 👍 야채도 신선하고 치즈는 적당히 짧쪼름하면서 패티의 육즙과 함께 고소하고 기름진 맛을 잘 조화롭게 내고 있었습니다 😃  배가 그렇게 고픈것도 아니었는데 먹고나니 입맛이 더 올라왔고 그 다음에 먹은 새우버거도 먹기 쉬웠습니다. 새우버거 패티는 튀겨서 나온지 얼마 안되서 첫입먹을때는 살짝 뜨거웠지만 바삭함응 느낄수 있어서 좋았고 다른것들과의 조화도 훌륭했어요. 소스는 자칳 느끼하거나 할수 있는 기름의 맛을 잡아 줄수 있게 할라피뇨를 다진 머스타드+마요? 소스랑 양파랑 같이 있었는데 처음부터 끝까지 먹으면서 음.. 잘왔군 이라는 생각이 들었습니다. 다음번에 또 올것 같아요.
어제 스시혼에서 먹은 스시랑 우동 먹은것보다 싼데 훨씬 만족스럽네요🫡",,,3.19.목,1,1243378372,크릭서스89,1,https://pup-review-phinf.pstatic.net/MjAyNjAzMTlfMTk2/MDAxNzczOTAxMzc0Nzgx.xqu9kJLa_HHeMHDSQdauZrvROgPAp_bB9B3CJDhFnu8g.PYbUmDI7F_mopzd2wQ0lpt4USW_It8hGb9EopJ2GX1Mg.JPEG/20260319_124559.jpg.jpg,images/1243378372_11_0.jpg,1,"음식이 맛있어요, 재료가 신선해요, 친절해요, 매장이 청결해요, 혼밥하기 좋아요","(예약 없이 이용), 대기 시간(바로 입장), (일상), (혼자)",,
69b67c5bad2601f23852617d,버거스타,든든하게 수제버거 먹고 싶을 때는 버거스타!! 너무 맛있어요!!!!!,,텍사스 BBQ버거세트,3.15.일,1,1243378372,ohh****,33,https://pup-review-phinf.pstatic.net/MjAyNjAzMTVfMTg4/MDAxNzczNTY3MDQ4ODI0.1S44CkddQGqxoWNn4eMCVYWsTkPyZb-_PSXlWWqPvUcg.fXE89B1l6-nn0iC-yr__oAvlTcxE5FHlNCT1x-2WGLog.JPEG/IMG_6277.jpeg,images/1243378372_12_0.jpg,1,"양이 많아요, 재료가 신선해요, 음식이 맛있어요","(예약 없이 이용), 대기 시간(바로 입장), (일상), (혼자)",,
69b6403cf70271261f7768d8,버거스타,"아이랑 먹으려고 왔어요 시켜만 먹다가 매장에서 먹어보는데 역시나 너무 맛있네요
최애 새우버거 정말 최고고 파스타까지 맛있네요 
동네라 자주 올거 같아요~",,2인세트(버거2+파스타1+감튀),3.15.일,1,1243378372,배연우68,1,https://pup-review-phinf.pstatic.net/MjAyNjAzMTVfMjQ2/MDAxNzczNTUxNjc0MzM2.vQViWQiC-E4pbn-tMngkw57HxM0lc0J4_LxurW7G6xQg._PmV9ffkjCO-lq5Ty12IyNmu2fWwBZcq3KiGxFJvgh8g.JPEG/DB8276E3-706B-41AA-AE7F-AA24BC7EE549.jpeg,images/1243378372_13_0.jpg,1,"음식이 맛있어요, 매장이 청결해요, 음식이 빨리 나와요","(예약 없이 이용), 대기 시간(바로 입장), (일상), (연인・배우자)",,
69b52c116e116e46360368e3,버거스타,"새우버거가 리얼 너무맛있어요
음식주문하면 나오는시간도 빠르고 주문즉시 요리해주시는거 같아서 따뜻한음식 맛있게 나와서 좋아요!!!

너무맛있습니다",,리얼 새우버거,3.14.토,1,1243378372,푸드득11,1,https://pup-review-phinf.pstatic.net/MjAyNjAzMTRfNDUg/MDAxNzczNDgwOTc1ODgx.hPhzv-khNnY3jYojemDhNXvgz6SVvLN1SWuIB_v2IV0g.OmCbeH2v8FxZ6rcb5yy2BiEu8V9XLSB-ZqLlTXbou3cg.JPEG/1000017544.jpg.jpg | https://pup-review-phinf.pstatic.net/MjAyNjAzMTRfMjI0/MDAxNzczNDgwOTc1ODY4.wTi4goTzHYZ4ZjkcEIc9IAz0UvvOtF7_Lxjhvndkj50g.oQzdlosHvbSQrMFEWrjafjg3WBtMxNr0wPAitHgqU94g.JPEG/1000017546.jpg.jpg?type=w1500_60_sharpen | https://pup-review-phinf.pstatic.net/MjAyNjAzMTRfMTIx/MDAxNzczNDgwOTc1ODMy.w2rT52S3F0RV07oSAkW6BDFxAscC_U-5T1AkzHXpPBcg.A7wDK20WfiLzDW2NDErgcW8isLoxWYW6PsfSLtR-DVIg.JPEG/1000017545.jpg.jpg?type=w1500_60_sharpen,images/1243378372_14_1.jpg | images/1243378372_14_2.jpg | images/1243378372_14_0.jpg,3,"음식이 맛있어요, 재료가 신선해요, 혼밥하기 좋아요, 아늑해요","(예약 없이 이용), 대기 시간(바로 입장), (데이트), (연인・배우자)",,
69b29973940ee7ca656e412d,버거스타,"우리동네에 수제버거 맛집 찾았어요!!
가족과 즐거운 저녁 시간 되었습니다",,펩시제로콜라(355ml),3.12.목,1,1243378372,궁구미218,2,https://pup-review-phinf.pstatic.net/MjAyNjAzMTJfOTkg/MDAxNzczMzEyNDM5ODkw.Jp__ZHC4RnMd9JwXdFXLgGhOItDhXNZKzfQOUYh09Kkg.vEdPSK31i5l8riwXpzfWfC5GYTsRl45aUBQkTuaxu6Eg.JPEG/20260312_194428.jpg.jpg,images/1243378372_15_0.jpg,1,"음식이 맛있어요, 인테리어가 멋져요","(예약 없이 이용), 대기 시간(바로 입장), (데이트), (연인・배우자)",,
69b0f2c877986f0ad5480873,버거스타,"추천 받아서 방문했어요! 새우버거 안에 든 새우패티가 통통해서 맛있고, 밀쉐에 감튀 찍어먹으니까 너무 잘 어울리고 맛있습니다!",,리얼 새우버거세트,3.11.수,1,1243378372,권승헌,1,https://pup-review-phinf.pstatic.net/MjAyNjAzMTFfOTcg/MDAxNzczMjA0MTY2NDY1.-7k7bKjXsmE9CkQWtU2nQk6Zs7UiXFadV4xKBHOMOQ4g.9AWx_T6WmGN96AH4UHTXob9z-PtGlqkSvyblVMm-LHEg.JPEG/1000013541.jpg.jpg | https://pup-review-phinf.pstatic.net/MjAyNjAzMTFfMTE3/MDAxNzczMjA0MTY2Mzgx.DKTCe-WpOgUpJVZ3fZ-ASX5dW_s7z-UqmtPGEn3r74Ig.Sp4FYetqdzuS-S08FKnd9SwREfWMdbLehz77B5SZZV0g.JPEG/1000013542.jpg.jpg?type=w1500_60_sharpen,images/1243378372_16_1.jpg | images/1243378372_16_0.jpg,2,음식이 맛있어요,"(예약 없이 이용), 대기 시간(바로 입장), (일상), (부모님)",,
69aff44077bed5cdb11658ec,버거스타,"수제버거답게 햄버거가 깔끔하네요 
너무 맛있어 보입니다
가게도 깔끔하고 혼밥하기 너무 좋네요",,버거스타 치즈버거세트,3.10.화,1,1243378372,애런15,1,https://pup-review-phinf.pstatic.net/MjAyNjAzMTBfMTI2/MDAxNzczMTM5MDA2NTkx.V9_B6pDPJsBfu5DKJkBL2wes69VdWnAxx6qw-hw58-8g.mdNaRKoV-NcbS-ydcgdJVB2mRa_-2nQgrXS9qmeNMy0g.JPEG/20260310_193436.heic.jpg | https://pup-review-phinf.pstatic.net/MjAyNjAzMTBfMjMg/MDAxNzczMTM5MDA2OTMx.IDiF36-mCcT7tFyHYSTDO3A1-ww--hpvdWUjiUL3nSkg.hh_cY6UBitHoUGnWd3iOs3p871c9saRvSZt0I_ftPsog.JPEG/20260310_193446.heic.jpg?type=w1500_60_sharpen,images/1243378372_17_1.jpg | images/1243378372_17_0.jpg,2,"음식이 맛있어요, 메뉴 구성이 알차요, 혼밥하기 좋아요, 음악이 좋아요","(예약 없이 이용), 대기 시간(바로 입장), (일상), (혼자)",,
69ad3b469de5c9f8f1cd0054,버거스타,지난번에2명이와서 여러가지 맛보지못해 아쉬워 4명이 방문햇습니다. 아이랑 먹기도 좋고 버거도 아주 기본에 충실하고 맛잇습니다~~ 가족 외식 장소로도 좋아요! 아이들이 먹기에도 맛있습니다!,,,3.8.일,1,1243378372,좋은 가치관,1,https://pup-review-phinf.pstatic.net/MjAyNjAzMDhfMjY4/MDAxNzcyOTYwNTgxMTkw.WJ7E-JtbPk4GLH-48-lI-7t7kByt55e8rjs6krUVejwg.rkypsIgrhTMuHXR0EJFoURAfWoQYmFrC-ulj8XPLjIsg.JPEG/7E9DD1BA-16B1-413C-9B32-85FF2C12EF0A.jpeg | https://pup-review-phinf.pstatic.net/MjAyNjAzMDhfMTEx/MDAxNzcyOTYwNTgwODU0.DOiwXDDS8ypnASWol5eTSiEEaXfiWeuR0Tiv6t7EUZ8g.MScEdkUdf9APTn2_KSqdeBH7-DpHGLqrvq_1epspQ1Mg.JPEG/B65E9498-3A3A-4F52-ABCC-9A993AC4B2BA.jpeg?type=w1500_60_sharpen,images/1243378372_18_1.jpg | images/1243378372_18_0.jpg,2,"음식이 맛있어요, 아늑해요, 아이와 가기 좋아요","(예약 없이 이용), 대기 시간(바로 입장), (일상), (연인・배우자)",,
69ad13a1c5bd5b3aca873945,버거스타,햄버거 생각나면 버거스타만 옵니당!!! 새우버거 진짜 존맛이에용!!!!,,리얼 새우버거세트,3.8.일,1,1243378372,ohh****,32,https://pup-review-phinf.pstatic.net/MjAyNjAzMDhfMTkx/MDAxNzcyOTUwNDE4NTcw.unpLMTtkqEPH2mzwkT9X9PBfo9u_48Thx37OJjxoUG4g.FZuDIRm8Uu-vzHnYqnA0Nkn_1sBmxRyBI27cjUzB3mkg.JPEG/IMG_6183.jpeg,images/1243378372_19_0.jpg,1,"음식이 맛있어요, 재료가 신선해요, 양이 많아요","(예약 없이 이용), 대기 시간(바로 입장), (일상), (혼자)",,
69aba20d5f67e7b68ce31950,버거스타,파스타 정말 맛잇었습니다 너무 맛있어요!! 새우버거도 튼실하구요!! 재방문 예약입니다 ㅎㅎ,,2인세트(버거2+파스타1+감튀),3.7.토,1,1243378372,nick7,1,https://pup-review-phinf.pstatic.net/MjAyNjAzMDdfMjcx/MDAxNzcyODU1Nzg2OTEy.9b0NIOOpQM5uzP_2DD2qlMEwlU0HVnmXfPO6-kRpcSwg.aEG4EmKd5y4iUpmu8w1HWhJLsVuHwq59987Bb6oUcgQg.JPEG/20260307_125433.jpg | https://pup-review-phinf.pstatic.net/MjAyNjAzMDdfNzUg/MDAxNzcyODU1Nzk0MDg3.FeVRNiy3MtC5w8jyGf5q82F8k5PYri6jl2HBM7iGv0Eg.76FfGNAplZiWR3fJ8YNGZYAOX8-VhpsePpbUwlJD6FQg.JPEG/20260307_125443.jpg?type=w1500_60_sharpen,images/1243378372_20_1.jpg | images/1243378372_20_0.jpg,2,"재료가 신선해요, 양이 많아요, 특별한 메뉴가 있어요, 인테리어가 멋져요, 친절해요","(예약 없이 이용), 대기 시간(바로 입장), (데이트), (연인・배우자)",,
69aad0f9fa40c0e7e0883de5,버거스타,"먹을때마다 감동하는 곳이에요. 
배달로도 매장에서도 먹는데 오늘은 매장 마감 시간 가까워서 주문해놓고 집가는 길에 픽업했는데 역시나 맛있네요. 항상 믿고 먹어요.",,칠리치즈파스타,3.6.금,1,1243378372,gra****,1,https://pup-review-phinf.pstatic.net/MjAyNjAzMDZfMTQ4/MDAxNzcyODAyMTk4MjY0.9LWGawDtEtIWoIHfNkO4RzH0mUwzJQ5KZqiAVh6Wez4g.8i21QQoA0LxwVTrq-4GcaSJSM3wEYfthXr7UG-bXMEIg.JPEG/IMG_6121.jpeg,images/1243378372_21_0.jpg,1,"음식이 맛있어요, 재료가 신선해요, 고기 질이 좋아요","(포장·배달 이용), 대기 시간(바로 입장), (데이트), (연인・배우자)",,
69aa465517ff16b014a0d438,버거스타,"버거 스타 버거 먹어보면 다른 버거는 못먹어요^^
어제 밤부터 먹고 싶은거 참다가 드디어 사러왔어요~~~",,[포장] 버거스타 치즈버거세트,3.6.금,1,1243378372,닉네임 뭐라고 하지,5,https://pup-review-phinf.pstatic.net/MjAyNjAzMDZfNjAg/MDAxNzcyNzY2ODAzMzgy.BHG9z2PuOSOaceNr8pXgYqGC6dGDYseCKhFlXNzuOBkg.stYRVjQASN-P1mOqbTmXPmPj8IyufaWiPAUm11mBUu0g.JPEG/20260306_121120.jpg.jpg,images/1243378372_22_0.jpg,1,"음식이 맛있어요, 재료가 신선해요, 혼밥하기 좋아요, 친절해요","(예약 없이 이용), 대기 시간(바로 입장), (일상), (혼자)",,
69a80e17b1ce6835277aa39e,버거스타,"오늘 미아사거리왔다가 4번출구쪽 맛집을 발견해버림!
칠리치즈파스타랑 버거스타치즈버거
베스트라서 먹어봤는데 꾸덕한치즈랑 햄버거 크기도 크고 넘 맛있게 미국온것처럼(가본적없지만) 맛있게먹었어요
좀더 위가 크다면 세트메뉴로 먹고시품!!🧡",,칠리치즈 파스타,3.4.수,1,1243378372,IdH찌,1,https://pup-review-phinf.pstatic.net/MjAyNjAzMDRfMjA5/MDAxNzcyNjIxMzMzMzky.onss3lZmZnihB1x_LD_dfmkDevUJAW8-fJiOADQPcEAg.2DuoHzMMB09vzVRMN2f5oYL9c0GSYw-j3V1V0ZMjVksg.JPEG/20260304_194622.jpg.jpg,images/1243378372_23_0.jpg,1,"음식이 맛있어요, 재료가 신선해요, 양이 많아요, 가성비가 좋아요, 친절해요","(예약 없이 이용), 대기 시간(바로 입장), (데이트), (연인・배우자)",,
69a6c9883843cdb73e054cbd,버거스타,"집앞에 이런 맛집이 있다니!! 이제야 알아서 억울한 맛이에요 ㅋㅋㅋ 너무 맛있다는요!!
친구들이랑 와서 세트메뉴 시켜 먹었는데
먹자마자 맛있어서
두개 더시켜서 먹었어요 ㅋ 넘넘 맛있고
사장님도 넘 친절하시고
자주자주 올것같아요!! 짱짱",,2인세트(버거2+파스타1+감튀),3.3.화,1,1243378372,kisstherain7,1,https://pup-review-phinf.pstatic.net/MjAyNjAzMDNfNDQg/MDAxNzcyNTM4MjQ2NzEy.PY0_n1Sw3BcoafWPKOLFcxG-RYhVhQfYNYSsGoa5zcYg.oyo-FqcEPTjsl7Z1yR3gLYNADwOy5UrM4IdI3sU9NiYg.JPEG/3B1AE6EC-6DF8-4DC7-9F3D-FE987389F306.jpeg,images/1243378372_24_0.jpg,1,"음식이 맛있어요, 재료가 신선해요, 대화하기 좋아요, 아늑해요, 친절해요","(예약 없이 이용), 대기 시간(바로 입장), (친목), (친구)",,
69a661a9a21aba5c1150abc9,버거스타,"너무 맛있어서 급히 먹는중에 찍었어요!
초등학교 갓 입학한 조카가 햄버거 좋아해서 오랜만에 맥도날드 아닌 수제 버거집 왔는데 역시나 수제버거가 맛있네요! 감자튀김도 맛있고 홀도 넓어서 좋아요",,,3.3.화,1,1243378372,492****,1,https://pup-review-phinf.pstatic.net/MjAyNjAzMDNfNjgg/MDAxNzcyNTExNjU1NTcx.z4WL_GOJb2c607P11FIg0B4H83Mb5J9pVVPy1C8djrIg.J9FeWgDA_UutfrwHCcpT2HVFEdfVhf6QYJJOnk63KJog.JPEG/B71C6419-AB70-4262-96F4-1DFA4F4D39B6.jpeg,images/1243378372_25_0.jpg,1,"음식이 맛있어요, 재료가 신선해요, 양이 많아요, 매장이 넓어요, 인테리어가 멋져요","(예약 없이 이용), 대기 시간(바로 입장), (가족모임), (부모님,아이)",,
69a3dec1fe3636ea0a93fca2,버거스타,포장해서 먹었는데 파스타도 맛있고 햄버거도 맛있어요,,햄버거2종+파스타1종+감튀180g,3.1.일,1,1243378372,zzzzyoon,1,https://pup-review-phinf.pstatic.net/MjAyNjAzMDFfODEg/MDAxNzcyMzQ3MDcxMjk2.3RCUUglKzvMXoCA3Hrc5xN3AOLJH9mAQebWwDusQ7Xsg.RcR3Y-LrZu8rYbuZQRGnBbB_KAdwdi7p_FklqjA1EsYg.JPEG/20260301_153130.jpg.jpg | https://pup-review-phinf.pstatic.net/MjAyNjAzMDFfMSAg/MDAxNzcyMzQ3MDcxMTQ3.slOdzr4qxeoe_kQQhpDgJqaMEsem6qs7i-WmphzI5oog.yhDq9ZBlw5rHpP5ic5xHRjUG3m6fv6GcFc162jwYz5Eg.JPEG/20260301_153119.jpg.jpg?type=w1500_60_sharpen,images/1243378372_26_1.jpg | images/1243378372_26_0.jpg,2,"음식이 맛있어요, 재료가 신선해요, 고기 질이 좋아요, 아늑해요, 친절해요","(포장·배달 이용), 대기 시간(바로 입장), (가족모임)",,
69a16735ac4e897d279ea5d9,버거스타,수제버거 찐맛집입니당!!! 너무 맛나요!!!!!,,텍사스 BBQ버거세트,2.27.금,1,1243378372,ohh****,31,https://pup-review-phinf.pstatic.net/MjAyNjAyMjdfMTg3/MDAxNzcyMTg1Mzg0OTcx.tsXX0eWXPYJEPfnIedbbVbFrXCThIYAm38juQjkR9QIg.MtCAUreHmFxjuUqAsguzK9by-1nRxvNZMUg6Y__aUF4g.JPEG/IMG_6046.jpeg,images/1243378372_27_0.jpg,1,"음식이 맛있어요, 재료가 신선해요, 혼밥하기 좋아요","(예약 없이 이용), 대기 시간(바로 입장), (일상), (혼자)",,
699a8acdf627afa1f5a099b8,버거스타,버거 파스타 모두 너무 맛있어요!! 완전 추천!!,,리얼 새우버거세트,2.22.일,1,1243378372,당근3396,1,https://pup-review-phinf.pstatic.net/MjAyNjAyMjJfMTQw/MDAxNzcxNzM1NzU1MjYz.Y0tPsn3hjwPQsGdmDoK-cnTJEVS9BAObNuKpfXxpswAg.BxhoVl7n2FILkLlYpaLQ4Zku7TbpYby1pnMxpHRKlpMg.JPEG/CDE712C5-2B0F-4296-AD6B-ECABD9E84CF0.jpeg | https://pup-review-phinf.pstatic.net/MjAyNjAyMjJfMTEw/MDAxNzcxNzM1NzU1MjMw.909GxQ-8w60fjxpuIG77ziejpHqBIXCckMmp6Gg2DZcg.Ez7mp5RbO6lZ3AWmxmycGQMX3ekf-BJfZIDIMgPfhXwg.JPEG/6DA6EC8D-C20B-4406-A647-8D91F899E8DF.jpeg?type=w1500_60_sharpen,images/1243378372_28_1.jpg | images/1243378372_28_0.jpg,2,"음식이 맛있어요, 재료가 신선해요, 특별한 메뉴가 있어요, 가성비가 좋아요","(예약 없이 이용), 대기 시간(바로 입장), (친목), (친구)",,
699a848c04b69ac0f7ba10b6,버거스타,"너무 맛있어요!!
집앞에 맛있는 햄버거 가게 있어서 너무 좋아요",,2인세트(버거2+파스타1+감튀),2.22.일,1,1243378372,atm****,1,https://pup-review-phinf.pstatic.net/MjAyNjAyMjJfMTI4/MDAxNzcxNzM0MTU0Mzk3.8GfIaHlIXr9uyHs07KmgMSPoY3qzPdrAKubhQqXookcg.w7G3CJUi3bi1t1byvIq8ndTf0aDAOTy-N9hpI_h1PCEg.JPEG/1000011721.jpg.jpg,images/1243378372_29_0.jpg,1,"음식이 맛있어요, 양이 많아요, 특별한 메뉴가 있어요, 매장이 청결해요","(예약 없이 이용), 대기 시간(바로 입장), (나들이), (아이)",,
699a78eeba18ddec704919d3,버거스타,새우버거 찐맛집이에용!!!! 수제버거는 늘 버거스타만 옵니당!!!,,리얼 새우버거세트,2.22.일,1,1243378372,ohh****,30,https://pup-review-phinf.pstatic.net/MjAyNjAyMjJfMjU1/MDAxNzcxNzMxMTY3MDE1.3J2R63mcEwz7C-9ORQkjU688CzXBD-dNobXbEyzpwTEg.nNX5p446g2MeGHV33bEeZuPq73r_xPAJWURTyTWdzC4g.JPEG/IMG_5943.jpeg,images/1243378372_30_0.jpg,1,"음식이 맛있어요, 재료가 신선해요, 양이 많아요","(예약 없이 이용), 대기 시간(바로 입장), (일상), (혼자)",,
699982715c5b3f3c5c1f528e,버거스타,"첫주문인데 맛있게 잘먹었습니다 
수제버거 먹고싶을때 재방문의사 만땅입니당^^",,텍사스BBQ,2.21.토,1,1243378372,코알라0417,1,https://pup-review-phinf.pstatic.net/MjAyNjAyMjFfOTgg/MDAxNzcxNjY4MDc4ODMx.D288UC1t6WBfgIiZOojSR6RL2RENEdTGP-n9EPsLWXIg.tyMzNo1I0RxdcvKmRc9AOuW5FEM1JEyD3QQ3meMTDD4g.JPEG/20260221_183601.jpg.jpg | https://pup-review-phinf.pstatic.net/MjAyNjAyMjFfOTIg/MDAxNzcxNjY4MDc4NjQ1.-KnzYq7v02BIRwBm0Cf48rO0XTkSnjitptL42N--gVIg.stowDlmvypfxpq_9fJ-Ipd-GyHT7cRLezyp4CS2FMTMg.JPEG/20260221_182737.jpg.jpg?type=w1500_60_sharpen | https://pup-review-phinf.pstatic.net/MjAyNjAyMjFfMjc4/MDAxNzcxNjY4MDc5MDM5.IZ7ZJl8fi2rQNoGwf_XK4RDhCR8B_Z3kvpBzBtRf964g.iwB-PTmPeEX5Prgbq4quw2F-BRq11qjJ5oY7Sa9rG7kg.JPEG/20260221_182750.jpg.jpg?type=w1500_60_sharpen,images/1243378372_31_1.jpg | images/1243378372_31_2.jpg | images/1243378372_31_0.jpg,3,"음식이 맛있어요, 친절해요","(포장·배달 이용), 대기 시간(바로 입장), (일상)",,
699843173ec3d8482a279312,버거스타,"넘 맛있어요! 이동네 버거맛집이라고 해서 들렀는데 새우버거 너무너무 맛있어요
다른메뉴들도 하나씩 도장깨기하려고요❤️‍🔥",,리얼새우,2.20.금,1,1243378372,수갤1,1,https://pup-review-phinf.pstatic.net/MjAyNjAyMjBfMTAw/MDAxNzcxNTg2MzI1MzMx.V8ob0s1xR00SvIF8CH5WOwo5Hhb0IS60ZrayRE6ZHGwg.u3lmJaH8mSJ5Kb9Wnwr7DZK4j7sL2xlBOouomYsZufYg.JPEG/20260220_195338.jpg.jpg,images/1243378372_32_0.jpg,1,"음식이 맛있어요, 양이 많아요, 친절해요","(포장·배달 이용), 대기 시간(바로 입장), (데이트), (연인・배우자)",,
699189b4206f342871c3ff80,버거스타,잘먹겠습니다. 😁😁😁😁😁,,텍사스 BBQ버거,2.15.일,1,1243378372,sim****,1,https://pup-review-phinf.pstatic.net/MjAyNjAyMTVfNjQg/MDAxNzcxMTQ1NjUwODgy.idmpWJhiSGx_4LORGCjZoQU2DZElZKLV2Gj53MR9agMg.dv_guqlujSAv4f1xLq9L3XYkzOWSRGhE8NqlbK9MHM4g.JPEG/F1FC2639-E5F6-4966-A906-23E4E16DDC79.jpeg,images/1243378372_33_0.jpg,1,"음식이 맛있어요, 재료가 신선해요, 양이 많아요, 특별한 메뉴가 있어요, 가성비가 좋아요","(예약 없이 이용), 대기 시간(바로 입장), (친목), (친구)",,
69900c91bac0897c06b3843b,버거스타,"맛있어요~~
육즙 가득하고 매장도 깔끔하고 맘에 들어요~",,버거스타 치즈버거세트,2.14.토,1,1243378372,나니까용78,1,https://pup-review-phinf.pstatic.net/MjAyNjAyMTRfMjk3/MDAxNzcxMDQ4MDgwMzMy.R6Ebpr5wJp0hbeQQtNpQXDAQB5cndwl6rHWBX1Ikb44g.fyiupoOc6fDdcf35AnoanfR8uY4QjTCMQQhUUXZcq80g.JPEG/7FCA888D-E111-45B6-B748-4DB8C102B837.jpeg,images/1243378372_34_0.jpg,1,"음식이 맛있어요, 재료가 신선해요","(예약 없이 이용), 대기 시간(바로 입장), (가족모임), (연인・배우자)",,
698f013d38dc22aabaa7ac8d,버거스타,맛있어요 자주시켜먹어요 오늘따라 더 맛있어요 :),,햄버거2종+파스타1종+감튀180g,2.13.금,1,1243378372,zsh****,1,https://pup-review-phinf.pstatic.net/MjAyNjAyMTNfNCAg/MDAxNzcwOTc5NjQxNDc2.S7ZnbrfII_ye6gkvsT2siyOkwceXTsuwOa6rkyV_mD8g.xbZLaToW3bWMBavTCmqbRZz1JXRaio9LeBfhRKHpivcg.JPEG/61549A9D-B148-41CA-A0A6-36BE31B3AC54.jpeg | https://pup-review-phinf.pstatic.net/MjAyNjAyMTNfMjcy/MDAxNzcwOTc5NjQxNDQ5.3mfACMdAkqKtLb4343wmTGhMcBBjIRJYl00C_QyFMMYg.btJNyACJ8BhJZ7so3zCQU0QLGtmbyJ_tJ7CV_jUqKqsg.JPEG/E1475E73-BBC7-40C9-8BC2-63291C500109.jpeg?type=w1500_60_sharpen,images/1243378372_35_1.jpg | images/1243378372_35_0.jpg,2,"음식이 맛있어요, 재료가 신선해요, 양이 많아요, 가성비가 좋아요","(포장·배달 이용), 대기 시간(바로 입장), (친목), (연인・배우자)",,
698ea7399d9bc8f5ea876eeb,버거스타,,,리얼 새우버거세트,2.13.금,1,1243378372,psy****,1,https://pup-review-phinf.pstatic.net/MjAyNjAyMTNfOTcg/MDAxNzcwOTU2NTk5NjY5._jzEFP39jhaYHhL4uTFK1V8qNardseGSjsIHZbQM42gg.6u6-p0N8eR3x9IrPYbzifY1QU7d_HkR0dL88YOyxsYUg.JPEG/20260213_132257.jpg.jpg,images/1243378372_36_0.jpg,1,"음식이 맛있어요, 재료가 신선해요, 양이 많아요, 특별한 메뉴가 있어요, 가성비가 좋아요","(예약 없이 이용), 대기 시간(바로 입장), (친목), (지인・동료)",,
698ea3a84cdb0b61379fd488,버거스타,"머쉬룸불고기 버거 아기가 너무 맛있대요~~
정성가득 햄버거 최고예요!!^^",,머쉬룸불고기버거,2.13.금,1,1243378372,Beebeemom,3,https://pup-review-phinf.pstatic.net/MjAyNjAyMTNfNjAg/MDAxNzcwOTU1Njg2OTkz.ESwQs28AJ-URibUWqkp74qZfCExbV5EGgpqBGaViSZgg.IL4_AiR_cBVgE5BQNfxBcaJeSa0NHFcd0VFxhNcZs8Eg.JPEG/1000032354.jpg.jpg | https://pup-review-phinf.pstatic.net/MjAyNjAyMTNfNiAg/MDAxNzcwOTU1Njg3MDkw.OeYce_v8mkHhA2_YharFAll4GH1HwREL60QDUMz-9F0g.yMFsYzw5Zz9nPcL8M7DQIVjer12BYOqgIt9UUMbtO4og.JPEG/1000032353.jpg.jpg?type=w1500_60_sharpen | https://pup-review-phinf.pstatic.net/MjAyNjAyMTNfMjg5/MDAxNzcwOTU1Njg3MDQ1.l4Wbk-1pYUDRvdb8VUWH-I9EBYdrHL77s4SvTwLwqisg.Ofut_b-sF4STpvIq1uuy-IxoKKm-9VMT424UOKKCH18g.JPEG/1000032352.jpg.jpg?type=w1500_60_sharpen,images/1243378372_37_1.jpg | images/1243378372_37_2.jpg | images/1243378372_37_0.jpg,3,"인테리어가 멋져요, 혼밥하기 좋아요, 음식이 맛있어요, 재료가 신선해요","(예약 없이 이용), 대기 시간(바로 입장), (일상), (아이)",,
698d84d30e5012e411362af5,버거스타,처음 와봣는데 너무 맛있어여 다음에도 재방문 할거에요,,버거스타 치즈버거세트,2.12.목,1,1243378372,saych,1,https://pup-review-phinf.pstatic.net/MjAyNjAyMTJfNTkg/MDAxNzcwODgyMjU3OTc5.4Ff2GlpwHcFIkO5z2Os20YeFyCQYihxCT-GRu7oioI4g.pPuNx0jpuV-duan8PG0QFsl-cr5i9kosejvWNvVGhzsg.JPEG/DEF8133D-27D9-4E99-AC26-30B899773472.jpeg | https://pup-review-phinf.pstatic.net/MjAyNjAyMTJfODEg/MDAxNzcwODgyMjU3OTEw.zlwFSKAhK3dCJxd4tBbtyQdylJJN6ppreCXNpVn1DuAg.CVwzxaz10HXauOQzLd-rSH06id5I6bzuLgPvrkC7edAg.JPEG/9E1C3B1B-69EF-4035-BB3F-09ABC6E56F81.jpeg?type=w1500_60_sharpen,images/1243378372_38_1.jpg | images/1243378372_38_0.jpg,2,"음식이 맛있어요, 재료가 신선해요, 양이 많아요, 특별한 메뉴가 있어요, 인테리어가 멋져요","(예약 없이 이용), 대기 시간(바로 입장), (데이트), (연인・배우자)",,
698d7acd7e78c99a3c896024,버거스타,혼자 편하게 먹으러 왔는데 혼밥 하기도 좋고 맛있었습니다! 다시 오게 될 것 같아요,,버거스타 치즈버거세트,2.12.목,1,1243378372,hi****,1,https://pup-review-phinf.pstatic.net/MjAyNjAyMTJfMTA5/MDAxNzcwODc5NjkxNjI2.nkB5WM_lBHTU7T6EyQBR5XQOOfasejOREwu94omA_eIg.z_lwl6VobL-P5MQZtvcWSs0liXvlgJAhrTvor0C0jOog.JPEG/1118C635-C190-4C53-8F55-0E3B535ADF5D.jpeg,images/1243378372_39_0.jpg,1,"음식이 맛있어요, 재료가 신선해요, 인테리어가 멋져요, 혼밥하기 좋아요, 친절해요","(예약 없이 이용), 대기 시간(바로 입장), (일상), (혼자)",,
69848256aa8e5ede37a779ee,버거스타,머쉬룸 햄버거는 진리입니다. 맛있어요. 잘 먹었습니다.,,머쉬룸 불고기버거,2.5.목,1,1243378372,냉이5535,10,https://pup-review-phinf.pstatic.net/MjAyNjAyMDVfMjE5/MDAxNzcwMjkxNzk3MTU1.j5qhX8kzGwkiHxAJGFrY9ghvsdYMSwA_rKDpzsKWsb4g.A81GFcMjX9B2vbWNfgerb6C0ADmnKZJ4qP6HYnXbKbYg.JPEG/E29E8A81-1883-43B6-840B-93F5AC1A9BA0.jpeg | https://pup-review-phinf.pstatic.net/MjAyNjAyMDVfMTM4/MDAxNzcwMjkxNzk3MTc5.XO9zkVJX3dYhRrjV8gIiHXDSnym6ieaxcK6MhA8O0jog.P3npG3mzS4zMH5SOnFHmvBsQ9mZQxARTe8UaNTpeZ7Ag.JPEG/0EB05214-C655-4C28-BAF8-C98AB27E0B9B.jpeg?type=w1500_60_sharpen,images/1243378372_40_1.jpg | images/1243378372_40_0.jpg,2,음식이 맛있어요,"(포장·배달 이용), 대기 시간(바로 입장), (일상), (연인・배우자)",,
697fd43c3eb2bb445e8b6316,버거스타,우리동네 찐 맛집♡,,리얼새우,2.2.월,1,1243378372,스타이글스,6,https://pup-review-phinf.pstatic.net/MjAyNjAyMDJfMjM2/MDAxNzY5OTg1MDgyMzYz.he-8wnMf14ynXItS8zM7x28666xw62iL-tz-vdtQ4fIg.Q0znBvC_puIkW60P6XRJjPCwVXzM_GGyZSEFdGIWk7cg.JPEG/1769944340900.jpg.jpg,images/1243378372_41_0.jpg,1,"음식이 맛있어요, 재료가 신선해요","(포장·배달 이용), 대기 시간(바로 입장), (일상), (연인・배우자)",,
697f1e01a983b0e38f6e31e9,버거스타,맛있게 잘먹었어요~,,클래식 더블버거,2.1.일,1,1243378372,sl****,1,https://pup-review-phinf.pstatic.net/MjAyNjAyMDFfMjc3/MDAxNzY5OTM4NDMxNjcx.BTEr7GM84fIASan8Ov5pg4E8B467NIpso_THBgQnybkg.3D2ZNQ9y1aFgOEK_QMHW_4tlVFAzGcwRQ3E_LRCKd0Ag.JPEG/92565DD7-AF89-4125-86BE-BD4D4F916F79.jpeg,images/1243378372_42_0.jpg,1,"음식이 맛있어요, 특별한 메뉴가 있어요","(포장·배달 이용), 대기 시간(바로 입장), (친목), (친구)",,
697f14c5c200166687901974,버거스타,"두번째 방문입니다. 아이는 파스타를 좋아해서 또 오자고 하네요^^
버거도 맛있어요~~또 올게요",,2인세트(버거2+파스타1+감튀),2.1.일,1,1243378372,son****,1,https://pup-review-phinf.pstatic.net/MjAyNjAyMDFfMTQ2/MDAxNzY5OTM2MDY3ODE4.SOXWReDH-od7T7oEj6bbe2qP0lio_iueY5szPBnqMSMg.gna0JqJx6m_OdDBJuufe0sQmPnANd_eMKWGDVEODFJsg.JPEG/1000018023.jpg.jpg,images/1243378372_43_0.jpg,1,"음식이 맛있어요, 가성비가 좋아요, 혼밥하기 좋아요","(예약 없이 이용), 대기 시간(바로 입장), (데이트), (연인・배우자)",,
697ed29f4a0553e61c616fed,버거스타,"배달도 여러번 시켜먹었는데
매장은 처음와봐요 ㅎㅎ
버거스타 넘 맛있어요 
전 치즈버거 제일 좋아해요",,,2.1.일,1,1243378372,wow****,1,https://pup-review-phinf.pstatic.net/MjAyNjAyMDFfMjYg/MDAxNzY5OTE5MTMzNzEy.W9EvtEdFsBPk71jTLARj0wVWdCS7-CXmAku0HgS4NI4g.JBZV1dct3f2t0tCNj0FBx6CKXgWHyPgHRZT6M7MRET0g.JPEG/11E668D7-80B9-4650-8ADE-5A46FB712FBF.jpeg | https://pup-review-phinf.pstatic.net/MjAyNjAyMDFfMTU3/MDAxNzY5OTE5MTMzNzM0.YNNgAtOK2xiRl-ygSXVew3VqXTZ7YbXa7vuuh9Lp2cEg.rs1XwZcJlqnIjztHUVCE4e2XLmgZW8RIS8_wExhiC34g.JPEG/6B71ECB4-8825-416F-BF20-95180F51FAEB.jpeg?type=w1500_60_sharpen,images/1243378372_44_1.jpg | images/1243378372_44_0.jpg,2,"음식이 맛있어요, 친절해요, 아늑해요","(예약 없이 이용), 대기 시간(바로 입장), (데이트), (연인・배우자)",,
697ec2dfb52a803440a9d58f,버거스타,텍사스 BBQ 너무 맛있어요 🍔❤️,,텍사스 BBQ버거,2.1.일,1,1243378372,젠틀나잇,1,https://pup-review-phinf.pstatic.net/MjAyNjAyMDFfNTUg/MDAxNzY5OTE1MTAxMjgy.xYvmAMVZm3zVUuHOYPOn5ul6wz2ayvAzJOwZjkkOjSYg.71JBAe1_OGwhkqFq1tJIxVzj1zLdj9oN1p_k53qMe9Ag.JPEG/0BD3A27C-1756-4A22-97DE-880BA3A71A01.jpeg,images/1243378372_45_0.jpg,1,"음식이 맛있어요, 재료가 신선해요, 특별한 메뉴가 있어요, 고기 질이 좋아요","(예약 없이 이용), 대기 시간(바로 입장), (일상), (친척・형제자매)",,
697de12eda67525f7ad20cb0,버거스타,항상 훌륭한 더블버거와 칠리치즈후라이입니다~,,클래식 더블버거,1.31.토,1,1243378372,mekasho,15,https://pup-review-phinf.pstatic.net/MjAyNjAxMzFfMTU1/MDAxNzY5ODU3MzI0Njg0.i-lziKH9by86nu2mEzJzAyxWWFCokUKH4ddPTy1DVOgg.nZBzaCGROhbAEaaPePPoUOH9eTAgWY6n3N1pBexPRckg.JPEG/20260131_185235.jpg.jpg | https://pup-review-phinf.pstatic.net/MjAyNjAxMzFfMTky/MDAxNzY5ODU3MzI0MTM0.tAiWK9svvlu6Ci9eRxyDrTh9JT-v1cgDY3Ztojams74g.k1EtXefGxhItwj_nBBDBjDw0MniFTlo-ldEVXETqO7cg.JPEG/20260131_185238.jpg.jpg?type=w1500_60_sharpen | https://pup-review-phinf.pstatic.net/MjAyNjAxMzFfMTE4/MDAxNzY5ODU3MzI0MjM1.IJdhK-tNodqlHCQUxe2TUn80rvQSluUCCvsIy08GLiwg.DoTEagGC8KpRBYO8EWeU288U48Wpz8XBCjFtiO3GVskg.JPEG/20260131_185230.jpg.jpg?type=w1500_60_sharpen,images/1243378372_46_2.jpg | images/1243378372_46_1.jpg | images/1243378372_46_0.jpg,3,"음식이 맛있어요, 재료가 신선해요, 양이 많아요","(포장·배달 이용), 대기 시간(바로 입장), (일상), (혼자)",,
697d792a569da124830c385c,버거스타,맛있어요 ㅎㅎ 모든 메뉴 전부 맛있지만 칠리치즈 파스타 추천합니다~~,,버거스타 치즈버거세트,1.31.토,1,1243378372,감귤탐방,1,https://pup-review-phinf.pstatic.net/MjAyNjAxMzFfMTMx/MDAxNzY5ODMwNjk1OTg0.B5rof9V9ahy1LS24od_9tb7kFiQBz_kt73KbzXtyzJgg.Cw16DIiA4nuHAYgvF_cou0aM4stZlaJOTwTdwnsWz_Ig.JPEG/20260131_123703.jpg.jpg | https://pup-review-phinf.pstatic.net/MjAyNjAxMzFfMTg4/MDAxNzY5ODMwNjk2MTc4.F-PAXpLpef17PzSfMsS15Ai3_vK58sg0yosl2i9pwWog.7c5lPCrewyA4UAmGH4PqJOu7UVXKWFxULh0Tx4GWPIcg.JPEG/20260131_123710.jpg.jpg?type=w1500_60_sharpen | https://pup-review-phinf.pstatic.net/MjAyNjAxMzFfMTI4/MDAxNzY5ODMwNjk2MDU0.9Rwhp_bDZD7ep1S9gRXmxJNyBRtH6w81Cl52qpdN2L4g.LlJb6YeJSVhU1pjLxAp-bhWjRviMzyrzj6hYstO3cUwg.JPEG/20260131_123706.jpg.jpg?type=w1500_60_sharpen | https://pup-review-phinf.pstatic.net/MjAyNjAxMzFfMTg0/MDAxNzY5ODMwNjk2NTY4.w8gVinMxtkOU-b1mtNdein2BTXf9efIuLtOlS7mSvVcg.Yvrlhwq4intqaCCWTS1P-NJ9FStJyBWgdvJQaFpCdvcg.JPEG/20260131_123657.jpg.jpg?type=w1500_60_sharpen,images/1243378372_47_2.jpg | images/1243378372_47_1.jpg | images/1243378372_47_3.jpg | images/1243378372_47_0.jpg,4,"음식이 맛있어요, 재료가 신선해요, 메뉴 구성이 알차요, 잡내가 적어요, 아늑해요","(예약 없이 이용), 대기 시간(바로 입장), (나들이), (부모님)",,
6978959f40f59ba61cc758f8,버거스타,"넘넘 맛있어요 
버거는 당연하고 파스타... 파스타 찐 맛집임!!",,,1.27.화,1,1243378372,그핑그,1,https://pup-review-phinf.pstatic.net/MjAyNjAxMjdfMTMz/MDAxNzY5NTEwMzAxNzQw.r52axdqXJgvN4b8GD0rzLk0IecGgGpiKV1XLqYpN7Uog.HGRt9Cpl00-QEdo6DBkeSZOa5zf39b6HPddQvNWenzQg.JPEG/20260120_171902.jpg.jpg | https://pup-review-phinf.pstatic.net/MjAyNjAxMjdfMTc5/MDAxNzY5NTEwMzAxODM3.n34o5NggPf1TE0pB1njb7Gxssl2eoRGCErAvxn6k93Qg.g5_mQP_LlOJDcPfubwFRknwZ2qjAT5_VxLtqNMDdTnwg.JPEG/20260120_171847.jpg.jpg?type=w1500_60_sharpen | https://pup-review-phinf.pstatic.net/MjAyNjAxMjdfNiAg/MDAxNzY5NTEwMzAxNzA2.3iNFN1wcO3RqcFeAncCG-8kwuh3WZPX6jfTqAWpHD84g.gspps01ffOZIUze9Z5uoqvWoL5UGSeerh71n9BwX4P0g.JPEG/20260120_171853.jpg.jpg?type=w1500_60_sharpen,images/1243378372_48_1.jpg | images/1243378372_48_2.jpg | images/1243378372_48_0.jpg,3,"음식이 맛있어요, 인테리어가 멋져요, 매장이 넓어요, 혼밥하기 좋아요, 친절해요","(예약 없이 이용), 대기 시간(바로 입장), (일상), (혼자)",,
6975e07d48bbeb7564599727,버거스타,주로 배달시켜서 먹었는데 오늘른 조카랑 매장을 방문했어요 요즘 수제버거 가격이 후덜덜인데 가격도 합리적이고 너무 맛있어요! 매장에서 먹으니 따듯해서 훨씬 더 맛있네요!,,리얼 새우버거세트,1.25.일,1,1243378372,미루7163,1,https://pup-review-phinf.pstatic.net/MjAyNjAxMjVfMzkg/MDAxNzY5MzMyODU4OTQy.xt1OKgvV7J-HSU2tk7h_DNVFlZRiwzVvBCqUqYLlOHIg.bjG-Rxo0QbHObKyt2KARJSUibfbZhmtqHRDmwr1QhcYg.JPEG/20260125_181822.jpg.jpg | https://pup-review-phinf.pstatic.net/MjAyNjAxMjVfNzYg/MDAxNzY5MzMyODU5MTcz.OtuatgYfAZnMdks1CatZWbeZNDLX-YzL3Xw-vRyyVe0g.k9YHjL7SsYn73Z__M4JYKCRnXfcOWvZgd9cQeflSd8Ag.JPEG/20260125_181808.jpg.jpg?type=w1500_60_sharpen,images/1243378372_49_1.jpg | images/1243378372_49_0.jpg,2,"음식이 맛있어요, 가성비가 좋아요, 혼밥하기 좋아요, 매장이 청결해요, 친절해요","(예약 없이 이용), 대기 시간(바로 입장), (일상), (친구)",,
6975d9af4f195a383f077bd5,버거스타,"골목안쪽에 있어서 못봤는데 후기가 좋아서 방문했어요!! 새우버거가 맛있다해서 기대했는데 맛있어요🤤! 파스타도 맛있고 텍사스비비큐버거도 잘어울려요👍🏻😋
2인세트메뉴가 있어서 양이나 구성이 딱 좋아요:)❤️❤️",,2인세트(버거2+파스타1+감튀),1.25.일,1,1243378372,율루849,1,https://pup-review-phinf.pstatic.net/MjAyNjAxMjVfNzEg/MDAxNzY5MzMxMTE2NzQw.W97v79yuM5XyxGTGRx0tKXt4arhO_v16AyHh0L5Tuvwg.qcJzNFkOfowoiBMePm3rxS2FHiSwF8ZGGpvwP9ac8jIg.JPEG/225CD189-85CE-4D84-8F67-3F731D6F8E78.jpeg | https://pup-review-phinf.pstatic.net/MjAyNjAxMjVfODUg/MDAxNzY5MzMxMTE2MDE0.bYl-iK16TC5Y_wbKZKb49312gxiEGE_Q9-9WkUQp--0g.IBXPOOhzum0-pJhQz973qTWa9BEy1arQE_-ENTJgSb8g.JPEG/1A667827-F32B-4603-AE5C-4CF50EE85E77.jpeg?type=w1500_60_sharpen | https://pup-review-phinf.pstatic.net/MjAyNjAxMjVfMjU0/MDAxNzY5MzMxMTE3MTMx.ujxaX2mkENR7KmMsmNOitP6PIGiU4b6bPAJBe4K6ocUg.2vgo_VMHrEnbOCHaqdYHYeO78U4Rv_VW9fPoeK0Jg3Mg.JPEG/54C1E125-E52C-490D-AEFC-28BBB25252D2.jpeg?type=w1500_60_sharpen,images/1243378372_50_1.jpg | images/1243378372_50_2.jpg | images/1243378372_50_0.jpg,3,"음식이 맛있어요, 재료가 신선해요, 가성비가 좋아요, 혼밥하기 좋아요, 차분한 분위기예요","(예약 없이 이용), 대기 시간(바로 입장), (일상), (부모님)",,
6974945e746659282b5d1421,버거스타,진짜 매번 와도 항상 맛있어요!! 새우 앤초비 파스타랑 불고기 머쉬룸 버거 최고입니다 ㅎㅎ,,2인세트(버거2+파스타1+감튀),1.24.토,1,1243378372,집이진짜최고야,6,https://pup-review-phinf.pstatic.net/MjAyNjAxMjRfMTI1/MDAxNzY5MjQ3ODM2NzQ5.FST9Y0pl6x7NtOooPwYsiNDPKyjoPqhINkJOgtrS6OMg.shjaU8uafP3O8za_bSCKj1WY7JosOq8HcD7SNxCD60Ug.JPEG/0F7F85D6-47C5-4474-82E7-C0BE7A2CD0CF.jpeg | https://pup-review-phinf.pstatic.net/MjAyNjAxMjRfMjc1/MDAxNzY5MjQ3ODM2NDAw.tPcpjcuwLEgHg_K_lnlZelXpDpPILjK5BTqMprggGQcg.ucx63bv_g2GlpP6sMKhMicXw-sWx-QEv16CUbv6m2rgg.JPEG/5393D06A-5B3E-4129-8E7D-304F9DA8C25D.jpeg?type=w1500_60_sharpen,images/1243378372_51_1.jpg | images/1243378372_51_0.jpg,2,"음식이 맛있어요, 가성비가 좋아요, 특별한 메뉴가 있어요, 친절해요","(예약 없이 이용), 대기 시간(바로 입장), (데이트), (연인・배우자)",,
69733b0b875d5e474049112f,버거스타,"미리 주문 해놓고 방문해서 기다림 없이
바로 픽업이네요
감사해요 화이팅하세요",,버거스타치즈버거,1.23.금,1,1243378372,지호1378,1,https://pup-review-phinf.pstatic.net/MjAyNjAxMjNfMjQw/MDAxNzY5MTU5NDMzMjM2.Dv1uSwXwUvnj2QX1nPpFhm5r9Qx3dKUm9eMRD5rdAp4g.9aWNk-ZdMex-PvHv_Homk89DzdJpEa5PnchYOqkoJTIg.JPEG/77552F9E-6E48-44BF-B9AC-6C563728985A.jpeg,images/1243378372_52_0.jpg,1,"인테리어가 멋져요, 혼밥하기 좋아요, 재료가 신선해요","(포장·배달 이용), 대기 시간(바로 입장), (일상), (연인・배우자)",,
6972e9e8338329029f0ef024,버거스타,이사왔는데 찐맛집 발견해서 넘좋네요ㅎㅎ육즙좔좔입니다,,2인세트(버거2+파스타1+감튀),1.23.금,1,1243378372,가기요,1,https://pup-review-phinf.pstatic.net/MjAyNjAxMjNfNDgg/MDAxNzY5MTM4NjYyNjEw.XOE53NZGJAHPGNdq_xAObfeIP1d5NTWinQ1QzYOL3v0g.M2UsNhXzX3njog9WGqUrecW5_R8lhisN4w67QCjt8x8g.JPEG/58B5CC30-FACA-468B-AD54-62456241B51D.jpeg,images/1243378372_53_0.jpg,1,"음식이 맛있어요, 양이 많아요, 친절해요, 매장이 청결해요, 혼밥하기 좋아요","(예약 없이 이용), 대기 시간(바로 입장), (일상), (연인・배우자)",,
696f4b7d17905daeda99957f,버거스타,"미아사거리역에 이런맛집이 있는지 몰랐네요.
수제버거도 맛있고 칠리치즈스파게티가 일품입니다!!!!",,제로콜라,1.20.화,1,1243378372,내사랑겨울,1,https://pup-review-phinf.pstatic.net/MjAyNjAxMjBfMTUw/MDAxNzY4OTAxNDk5NDA0.mN15T8HEUVoicF-7sZcww0RVoQkffYfawsGAKigCW48g.N_tpI1fpFv3anLUYwnfDPozGXe1EfJEm4PEay4YzY1Ug.JPEG/1768901087340.jpg.jpg,images/1243378372_54_0.jpg,1,"음식이 맛있어요, 재료가 신선해요","(예약 없이 이용), 대기 시간(바로 입장)",,
696f4678c23d612683767e5c,버거스타,맛나요,,제로콜라,1.20.화,1,1243378372,js9****,1,https://pup-review-phinf.pstatic.net/MjAyNjAxMjBfMTYz/MDAxNzY4OTAwMjE0ODY5.k-0NMlZ3y8K7jKhNMRq9xupH82ZwZE6vT3HQ-z1MpNYg.bFOkjg4rzc255BkFYRlaBWqTFZ3r-6A71H9VIJvCPDUg.JPEG/20260120_120500.jpg.jpg,images/1243378372_55_0.jpg,1,"음식이 맛있어요, 재료가 신선해요","(예약 없이 이용), 대기 시간(바로 입장), (친목), (부모님)",,
696cb1779648691a285960b4,버거스타,지나갈때 구경만하다가 햄버거 생각나서 왔는데 너무 맛있어요  새우버거 새우가 씹히고 버거도 소스 듬뿍 맛나네요  수제버거 맛집입니다,,리얼 새우버거세트,1.18.일,1,1243378372,핑크433,1,https://pup-review-phinf.pstatic.net/MjAyNjAxMThfMjk0/MDAxNzY4NzMwOTk2ODc5.v0s-gy00tgFk6eGnvgyEoH6H6lix5srJ0Lrzc1J7F4og.LUnLD8M8acuXxbfhROZWtC_rRtrjs2tWBQiJ6RTzX5Eg.JPEG/20260118_190230.jpg.jpg | https://pup-review-phinf.pstatic.net/MjAyNjAxMThfMTQz/MDAxNzY4NzMwOTk2ODQ1.iGM9KtERI1hfQG02PZGhTfvw7l6h-PkJEl0LGRCUiM0g.ZaYMYTdI6Kd83Xf1k8w0RDccfQSEoTQVXev-ubUvEv4g.JPEG/20260118_190219.jpg.jpg?type=w1500_60_sharpen,images/1243378372_56_1.jpg | images/1243378372_56_0.jpg,2,"음식이 맛있어요, 양이 많아요, 매장이 넓어요","(예약 없이 이용), 대기 시간(바로 입장), (데이트), (연인・배우자)",,
696b4ef24081c524ac52bae2,버거스타,비주얼이 미쳤어요 맛도 미침ㅎㅎ,,칠리치즈 파스타,1.17.토,1,1243378372,sev****,1,https://pup-review-phinf.pstatic.net/MjAyNjAxMTdfMjk3/MDAxNzY4NjQwMjQxMTMx.otHg0hWeZ8LPK0k2aATvkX-4lUznNW9Bf4rLWI4tC_sg.pM2qRUJodPJVCuGNW47qAI41Ue4N866jEuRI0gyn8Dsg.JPEG/B169513D-152C-4683-8679-BB91264674F1.jpeg,images/1243378372_57_0.jpg,1,"음식이 맛있어요, 재료가 신선해요, 혼밥하기 좋아요, 친절해요","(예약 없이 이용), 대기 시간(바로 입장), (데이트), (연인・배우자)",,
696b0ba0db0112453b9a6d75,버거스타,동네 맛집 발견!!!    속이 꽉 찬 수제 버거  ~~   너무 맛있어요 ㅎㅎ,,버거스타 치즈버거,1.17.토,1,1243378372,뚠뚠이구구,1,https://pup-review-phinf.pstatic.net/MjAyNjAxMTdfMTAx/MDAxNzY4NjIyOTczNDUy.p2lVzPh47MSHYaGdY2D5R0Mrn4ZR4DWlO7_xtRhkKmog.w7_bA7YQHOvGW3t9lYrBr-iCHIghEMrb-n_C5jvKBykg.JPEG/IMG_5960.jpeg | https://pup-review-phinf.pstatic.net/MjAyNjAxMTdfMzEg/MDAxNzY4NjIyOTczNDc4.wWpTKqQiTe6W2WWdCFGIkDEwlMhkb1DbRgxzV6pXN-Ag.sB7L679TuH0_RmMmKUMibaP3Sncp-32JPvLWc0cW4l0g.JPEG/IMG_5961.jpeg?type=w1500_60_sharpen | https://pup-review-phinf.pstatic.net/MjAyNjAxMTdfMTgg/MDAxNzY4NjIyOTczNzc1.KMPf-Q8g73k6hMfPpbzAleolyyX8sMs6FpgtlSMcwWkg.LtD7eFrzmERrXCs2pUGQ-E1FKMd-knWPMc9gLE49eCAg.JPEG/IMG_5962.jpeg?type=w1500_60_sharpen,images/1243378372_58_2.jpg | images/1243378372_58_1.jpg | images/1243378372_58_0.jpg,3,"음식이 맛있어요, 양이 많아요","(예약 없이 이용), 대기 시간(바로 입장), (일상), (연인・배우자)",,
696b00225cc801e1241f89f6,버거스타,늘 오는 수제버거 맛집!!! 너무너무 맛나요!!!!!!!,,텍사스 BBQ버거세트,1.17.토,1,1243378372,ohh****,29,https://pup-review-phinf.pstatic.net/MjAyNjAxMTdfMTAx/MDAxNzY4NjIwMDI2Njg3.zmIR0zc9583jgG7i54XziRYwuMfPjS-ccE_p2xJq9kwg.S2-6U_6O-UXVi8BbJKllTqXQIw5DfDB2P_yhv70JGF0g.JPEG/IMG_5378.jpeg,images/1243378372_59_0.jpg,1,"음식이 맛있어요, 재료가 신선해요, 양이 많아요","(예약 없이 이용), 대기 시간(바로 입장), (일상), (지인・동료)",,
69633641270863e4f889eaf5,버거스타,사진이 안올라가요 ㅠㅠ 정말 맛잇게 먹었습니다!!!,,리얼새우,1.11.일,0,1243378372,퓨쳐40,2,,,0,"음식이 맛있어요, 재료가 신선해요, 매장이 청결해요","(포장·배달 이용), 대기 시간(바로 입장), (데이트), (연인・배우자)",,
6962378c74258d8007cc2f2b,버거스타,"처음 주문했는데 유명한 곳이라 기대가 많이 됩니다
사장님 친절하세요~♡",,[포장]텍사스 BBQ버거,1.10.토,1,1243378372,필승00,1,https://pup-review-phinf.pstatic.net/MjAyNjAxMTBfMTAy/MDAxNzY4MDQ0NDI2MTA3.CPfDtNundauOapzqYpGdazIYuGODQ1znnE3gPzF0bN0g.QL-fXZretc8paVKrpkjz17l5r8Umz5miPSDDitwMqK4g.JPEG/1000044446.jpg.jpg,images/1243378372_61_0.jpg,1,"음식이 맛있어요, 친절해요, 매장이 청결해요, 인테리어가 멋져요","(포장·배달 이용), 대기 시간(바로 입장), (일상), (연인・배우자)",,
6961f69a0c3eddadc4dc637e,버거스타,기본버거세트 볶은양파도 들어가고 넘 맛있어용!! 깔끔하고 재료도 신선한 것 같아요! 사장님도 친절하세요🫶,,버거스타 치즈버거세트,1.10.토,1,1243378372,예림392,1,https://pup-review-phinf.pstatic.net/MjAyNjAxMTBfMTY4/MDAxNzY4MDI3ODAwNjY3.6CI9uIq8UzwR6MJg5yUSP4cWNG0yGiDB25P8mpGsZpAg.h3OLbUqJvEgdIIMLR-SRVIX2PbqU27bcNYcfRAKl6mMg.JPEG/C083D92B-48CD-41B8-ACE5-37329F9E2F7A.jpeg,images/1243378372_62_0.jpg,1,"음식이 맛있어요, 재료가 신선해요, 가성비가 좋아요","(예약 없이 이용), 대기 시간(바로 입장), (일상), (혼자)",,
6960d2b1742824390ddb2fcd,버거스타,"너무 맛있고 사장님도 친절하십니다
재방문 의사있습니다~",,리가토니 치즈파스타,1.9.금,1,1243378372,오성민0820,1,https://pup-review-phinf.pstatic.net/MjAyNjAxMDlfMjg1/MDAxNzY3OTUzMDQzNTAw.y2Jh8BafYbdKCs5IqtJcyRbtRvweMPTO-n6w9IdZIiYg.nZCIOdk0lnUhyAh-C0Yuidm8F7e2J87fXXlOt9cg2kkg.JPEG/1000019023.jpg,images/1243378372_63_0.jpg,1,"음식이 맛있어요, 양이 많아요, 재료가 신선해요, 인테리어가 멋져요, 친절해요","(예약 없이 이용), 대기 시간(바로 입장), (일상), (혼자)",,
6960cfb6c9c48733cfea664a,버거스타,"버거 너무 맛있어서 가끔 방문해요. 
칠리 파스타도 맛있어요. 세트가격도 비싸지않아서 좋아요. ㅎㅎ",,2인세트(버거2+파스타1+감류),1.9.금,1,1243378372,맹고우유,3,https://pup-review-phinf.pstatic.net/MjAyNjAxMDlfMTQg/MDAxNzY3OTUyMzA0MzMz.BW093VER0wM_hzrvYJvkoxGrttgHQNAZD7xnVj9UYbgg.amix14xS_Q466GQfIXJw0tl9l8Q3cIBda02afxgL8ocg.JPEG/D89827E6-7E58-46A7-A842-B6B39B55D93A.jpeg | https://pup-review-phinf.pstatic.net/MjAyNjAxMDlfOTgg/MDAxNzY3OTUyMzA1OTEz.BITJ91nRVL-d0oQBmADrPTf-Tzl3NybMr24BhoL75rEg.j0C3BB0TYed7mm7X6uKUypivVb-dyDBds6nprDLY-oEg.JPEG/79F18DEB-2888-4BAE-88E4-0030B5601112.jpeg?type=w1500_60_sharpen | https://pup-review-phinf.pstatic.net/MjAyNjAxMDlfMTMx/MDAxNzY3OTUyMzA2NDA3.bwo1UG-_8NQ_dsbPibnROwYE8dXdSRdOYQk-EME9pNMg.kHd6XZ7vhLPzZmHxzR2tqa7xFgy1hKWYD3cAnsNyUgUg.JPEG/17462BCB-1947-4859-9907-709D6FADC64B.jpeg?type=w1500_60_sharpen,images/1243378372_64_1.jpg | images/1243378372_64_2.jpg | images/1243378372_64_0.jpg,3,"음식이 맛있어요, 인테리어가 멋져요, 매장이 청결해요","(예약 없이 이용), 대기 시간(바로 입장), (데이트), (연인・배우자)",,
699a87ceaf0fdbed32b31a2f,버거스타,햄버거가 안느끼하면 진짜 맛있는건데 여기가 그렇습니다 맛있어요오,,머쉬룸 불고기버거,2.22.일,1,1243378372,먹기도놀기도,7,https://pup-review-phinf.pstatic.net/MjAyNjAyMjJfOTMg/MDAxNzcxNzM0OTQwMjcz.YY8Pq83iMELrbThod0ib8InczQTPGGaXSwq8BeTbXJsg.sNnnWYxmuOwfXoowzwosfTWpUvP7QVbpU9D2eV3Z45wg.JPEG/1000063660.jpg | https://pup-review-phinf.pstatic.net/MjAyNjAyMjJfMjcy/MDAxNzcxNzM0OTQwMTgy.ajNlDTjGCn6qOdiLwzoOkydk8To9OKyUqT8srCs3qF0g.x-tBLyOtwZ7-uKESGE0W0Sbbnq0T8hGloMWPVAsLRE0g.JPEG/1000063662.jpg?type=w1500_60_sharpen,images/1243378372_65_1.jpg | images/1243378372_65_0.jpg,2,"음식이 맛있어요, 재료가 신선해요, 친절해요","(예약 없이 이용), 대기 시간(바로 입장), (나들이), (혼자)",,
695dd0cc1035d4376e180100,버거스타,아이가 좋아해서 종종오는데 맛있어요~^^,,,1.7.수,1,1243378372,hea****,2,https://pup-review-phinf.pstatic.net/MjAyNjAxMDdfNjkg/MDAxNzY3NzU1OTc3NTA1.l0JDIVBhfpFvWs5n9jpq7gEDWIRsmJM1TXDuW8OMpYYg.w1kv6pi5D5S2f0me6t6DRPnevIyZSo0w5_w6X31yxucg.JPEG/20260107_121859.jpg.jpg,images/1243378372_66_0.jpg,1,"음식이 맛있어요, 가성비가 좋아요, 친절해요","(예약 없이 이용), 대기 시간(바로 입장), (일상), (아이)",,
695a1697795cdbdec454672a,버거스타,새우버거 진짜 맛집입니당!! 너무 맛나서 자주 와요!!! 짱짱짱,,리얼 새우버거세트,1.4.일,1,1243378372,ohh****,28,https://pup-review-phinf.pstatic.net/MjAyNjAxMDRfMjQ4/MDAxNzY3NTExNjg2NzI5.FSx-M0hTXjiEll08xaMNvPZo9k9Ap1TZ6KGSP4dar1og.rl2eQdfRznUnC3X1ISZnfjlU3aM_CxxrnZAqhgcX8uIg.JPEG/BC07D2E8-5DE5-4284-B48C-9DE1F8A856DF.jpeg,images/1243378372_67_0.jpg,1,"음식이 맛있어요, 재료가 신선해요, 양이 많아요","(예약 없이 이용), 대기 시간(바로 입장), (일상), (혼자)",,
69588ab2ec47512dc9c6db2b,버거스타,"2번째 먹는데 버거 퀄리티가 너무 좋아요
이 가격에 이 구성으로 먹을 수 있다니 미사의 기적입니다
둘이 오시면 버거스타 통새우로 반띵하시길 강추드립니다
혼자 오시면 통새우 추천드려요
사장님 앞으로도 오래오래 장사해주세요!!!@",,리얼 새우버거,1.3.토,1,1243378372,은정이23,1,https://pup-review-phinf.pstatic.net/MjAyNjAxMDNfMjk5/MDAxNzY3NDEwMzUyNjE3.LhZuwQaoPRnLvb2HtlkLxgV2sXVRzGryq9d3nQ6Dj-Qg.eDznB1uCWayF8hHMDo4DEqE0AnjDNO7ygmPBOgGZq8og.JPEG/20260103_121837.jpg.jpg | https://pup-review-phinf.pstatic.net/MjAyNjAxMDNfMjU5/MDAxNzY3NDEwMzUyNzU4.I8ZGEGj54EuLYRk2ekWsg6Zi6PTWhf-MZQboG_VZM8gg.BkJii5_8yytTtaq1QgQ2-Uj4DwJP4oaVzXloEjd21R0g.JPEG/20260103_121834.jpg.jpg?type=w1500_60_sharpen | https://pup-review-phinf.pstatic.net/MjAyNjAxMDNfMTA4/MDAxNzY3NDEwMzUyNzQ0.1oCYexTo8SBAjkwBwiw5Cf1mYNWgJq1Dm02AUrgKGxkg.DnOiBgIWk5UUprxAqb6gns7znf38awSy9IlYSjtZh6Mg.JPEG/20260103_121832.jpg.jpg?type=w1500_60_sharpen,images/1243378372_68_1.jpg | images/1243378372_68_2.jpg | images/1243378372_68_0.jpg,3,"음식이 맛있어요, 메뉴 구성이 알차요, 재료가 신선해요, 가성비가 좋아요, 혼밥하기 좋아요","(예약 없이 이용), 대기 시간(바로 입장), (데이트), (연인・배우자)",,
695782100f47c8a69d27c33f,버거스타,"버거세트 정말 가성비고 끝내줍니다!!
다른 분들도 꼭 먹어보세요!!",,2인세트(버거2+파스타1+감튀),1.2.금,1,1243378372,이수영63,2,https://pup-review-phinf.pstatic.net/MjAyNjAxMDJfODAg/MDAxNzY3MzQyNjA1OTMx.10wHRG9xwGYCbdNp3Hn0RLquBi__JzQjJkgsUeUf-rsg.wQwZQW7mNeBebef7GoZ4TlHTEzYi9zjBH644Xx8Foa4g.JPEG/1000012481.jpg.jpg | https://pup-review-phinf.pstatic.net/MjAyNjAxMDJfMjA4/MDAxNzY3MzQyNjA1ODQz.7EJZys3T5m4vxTEH9aoW0kN4r9satBXDpRqhdwVDC-Ag.Hk2hmwGoii9do9iDkr_mMiKMFYwZFav3b6pM0qCkYusg.JPEG/1000012480.jpg.jpg?type=w1500_60_sharpen,images/1243378372_69_1.jpg | images/1243378372_69_0.jpg,2,"음식이 맛있어요, 재료가 신선해요, 양이 많아요","(예약 없이 이용), 대기 시간(바로 입장), (데이트), (연인・배우자)",,
69509cbf6b323396c4056e92,버거스타,수제버거 맛집은 버거스타!! 너무 맛있어요!! 오늘도 맛있게 먹고 가용~~,,텍사스 BBQ버거세트,25.12.28.일,1,1243378372,ohh****,27,https://pup-review-phinf.pstatic.net/MjAyNTEyMjhfMTYw/MDAxNzY2ODkwNjY0MDI0.3hxBNZEZ8ujZ1FIcOfGxOFaD088UFornxg4_t837MIQg.VMUMb_fV2ylAgbmGt1vg61_-xthjNSWsFaid7KPUd9sg.JPEG/IMG_5118.jpeg,images/1243378372_70_0.jpg,1,"특별한 메뉴가 있어요, 혼밥하기 좋아요, 친절해요","(예약 없이 이용), 대기 시간(바로 입장), (일상), (혼자)",,
694dfd848d0ea715eea40037,버거스타,여기보다 새우버거 맛있는 곳은 없는 거 같아요~,,[포장] 리얼 새우버거세트,25.12.26.금,1,1243378372,jov****,1,https://pup-review-phinf.pstatic.net/MjAyNTEyMjZfMiAg/MDAxNzY2NzE4ODUxMjM3.JsSig73Un1dZ1GcNv_Mpla0i8R07bvO4QUuqRol-gP4g.Bh67ok6Yvral3wYjT_JAtoPClybxjHLfATW2sy8YvP4g.JPEG/B3AA7FAC-AB9D-4403-A6D8-C2D019DF8035.jpeg,images/1243378372_71_0.jpg,1,"음식이 맛있어요, 재료가 신선해요, 인테리어가 멋져요","(예약 없이 이용), 대기 시간(바로 입장), (일상), (혼자)",,
694ccea80593f8d7b25b5ce2,버거스타,"푸짐하고 맛있는 수제버거 좋아요 
즐거운 성탄에 기분 좋아요 감사합니다.",,클래식 더블버거세트,25.12.25.목,1,1243378372,아름다운3,1,https://pup-review-phinf.pstatic.net/MjAyNTEyMjVfMTg2/MDAxNzY2NjQxMzE4ODYx.rX0ai_oLQ-q15pFe-vAa5MkK_0cAOyrrs8MJd1m13EQg.7pl6ZJK1zXJcfV0-Dqe0WP4mW0Lga5RPsINqpnOJWjUg.JPEG/48DC0128-A526-4C9F-9D90-7D0D0D7786AA.jpeg | https://pup-review-phinf.pstatic.net/MjAyNTEyMjVfMTUz/MDAxNzY2NjQxMzE5MDkx.uBOiuWaTzyrlGnuCJQFk1Ga_Kyu_imKd3BqPn2eiBNcg.ZwRjvB50kmRUjd8_ztyHMqcUcNwhFdwV6J-mt4HGRR8g.JPEG/3960E4F5-5161-4D75-9BD5-9886DE056317.jpeg?type=w1500_60_sharpen,images/1243378372_72_1.jpg | images/1243378372_72_0.jpg,2,"음식이 맛있어요, 재료가 신선해요, 특별한 메뉴가 있어요","(예약 없이 이용), 대기 시간(바로 입장), (나들이), (아이)",,
694ba6e5315d8f17ca0ba426,버거스타,일찍 알았으면 더 좋았을텐데 싶을 정도로 너무 맛있어요 햄버거도 맛있고 파스타는 오늘 처음 먹는데 맛있어요,,2인세트(버거2+파스타1+감튀),25.12.24.수,1,1243378372,lee****,1,https://pup-review-phinf.pstatic.net/MjAyNTEyMjRfODEg/MDAxNzY2NTY1NjAyOTk1.lceROUp1H4FGEqTB4gqHSP8GSK1F869DyY2a2oe68JUg.iS3JqBdoh351N5lJ_pA17UxdK6bK-zWop9COX3fFFWcg.JPEG/7A1D144E-DE6B-4102-9293-08D49266E599.jpeg | https://pup-review-phinf.pstatic.net/MjAyNTEyMjRfMjQw/MDAxNzY2NTY1NjAzMTgy.389yZNNA2RxlJ8dUV-bHMTOuaeRyGWvHGx-iZg8Qqscg.Mb5q-hMsFTqCMoxPjcVeJk6LVJOS6yOy9QIZ7u4Sndog.JPEG/4014978B-FD2F-494B-AB0B-8BB1CA4CDB32.jpeg?type=w1500_60_sharpen | https://pup-review-phinf.pstatic.net/MjAyNTEyMjRfMjE4/MDAxNzY2NTY1NjAzNDM3.a2cC7DNDn3bWGTaDudvgCNXIloS5eCcBPJsh23j59w8g.hreRQoN7LEE8OmB3ixvcfhmWuo4ZQsKxcj8utaQcvckg.JPEG/2FD8B93F-10E1-41FF-BE68-2DF77F9DCD99.jpeg?type=w1500_60_sharpen,images/1243378372_73_1.jpg | images/1243378372_73_2.jpg | images/1243378372_73_0.jpg,3,"음식이 맛있어요, 재료가 신선해요, 양이 많아요, 특별한 메뉴가 있어요, 혼밥하기 좋아요","(예약 없이 이용), 대기 시간(바로 입장), (데이트), (연인・배우자)",,
694b8f55523649bb02768641,버거스타,지인 추천으로 와봤는데 혼밥하기 좋을거 같아용! 햄버거는 당연히 맛있구 파스타도 맛있구 감튀도 너무 맛있어용,,2인세트(버거2+파스타1+감튀),25.12.24.수,1,1243378372,지민46,1,https://pup-review-phinf.pstatic.net/MjAyNTEyMjRfMjUw/MDAxNzY2NTU5NTcxNTE0.mhhQds6AcaIQuw8vIxnR97W0i2DswiDDtqwe1lGU0Tsg.GwwwmNt3-3av9ajqZsVY1v3XHVxor3MeOBEq47VA-G4g.JPEG/31D5B78E-1517-46C6-8877-ABB90FB4997B.jpeg,images/1243378372_74_0.jpg,1,"양이 많아요, 음식이 맛있어요, 혼밥하기 좋아요, 인테리어가 멋져요","(예약 없이 이용), 대기 시간(바로 입장), (데이트), (부모님)",,
694a06055f744bd11fcc1a67,버거스타,오늘은 새우버거 먹으러 왔어용!!! 진짜 맛집 원탑이에용!!!!,,리얼 새우버거세트,25.12.23.화,1,1243378372,ohh****,26,https://pup-review-phinf.pstatic.net/MjAyNTEyMjNfMTkg/MDAxNzY2NDU4ODY2NzY3.QGoTcyeaCtnnxZRqdm8KJKGjCP13rvfdKnxE_nCnvg8g.S9WA_H9FwALiYUoRKT70ibQAqVcEw5oBOuPJtdEQWScg.JPEG/IMG_5083.jpeg | https://pup-review-phinf.pstatic.net/MjAyNTEyMjNfMzEg/MDAxNzY2NDU4ODY2NzE3.CV3z_dKB6FArB0RWY8rJlXL-DPNjJGDuYOUdrePkLbAg.ve1lODz2eA7Om3RTzDkomvHC-VxxLLzIoZaMstgW3kYg.JPEG/91E56DA6-C641-4CAB-8BA0-FCE342D571A5.jpeg?type=w1500_60_sharpen,images/1243378372_75_1.jpg | images/1243378372_75_0.jpg,2,"음식이 맛있어요, 재료가 신선해요, 양이 많아요","(예약 없이 이용), 대기 시간(바로 입장), (일상), (혼자)",,
6946756cb48ab90433d66d65,버거스타,"최애 클래식더블은 물론 훌륭하고, 불고기 머쉬룸은 처음 먹어봤는데 양념이 강하지 않아 깔끔하고 버섯의 씹히는 맛이 좋았어요. 동네 기준뿐만 아니라 서울내 수준급의 버거라고 생각합니다.",,클래식 더블버거,25.12.20.토,1,1243378372,mekasho,14,https://pup-review-phinf.pstatic.net/MjAyNTEyMjBfMTYw/MDAxNzY2MjI1MjU2MDE5.KW1V2CwqMEeWzh6MUbWt23C2BhVdnp1ucTYu441CEjUg.01aQRzzBzqelLU5V3ImIoz_nz8K8J8AdjOcch-LtKCgg.JPEG/20251220_180750.jpg.jpg | https://pup-review-phinf.pstatic.net/MjAyNTEyMjBfMjQz/MDAxNzY2MjI1MjU2MDU3.UICqvxtXq54l8zPO3Gx91XYOZkt83otzGqGTAiAgsvsg.MvGBuJTIlnpsEJA0h3fh_hhDQRziWKA3ddJhAW0oq_Ug.JPEG/20251220_180754.jpg.jpg?type=w1500_60_sharpen | https://pup-review-phinf.pstatic.net/MjAyNTEyMjBfMTkz/MDAxNzY2MjI1MjU2MDI1.1_5MmCEFi3_C3lNOSi9Vcz1RgrKks8ONasbSwAMxKHcg.t8-g5N_AUkoBBAwmbK1ooK37y4wCHqhOSNqKuMpjspQg.JPEG/20251220_180758.jpg.jpg?type=w1500_60_sharpen,images/1243378372_76_2.jpg | images/1243378372_76_1.jpg | images/1243378372_76_0.jpg,3,"음식이 맛있어요, 재료가 신선해요, 가성비가 좋아요","(포장·배달 이용), 대기 시간(바로 입장), (일상), (혼자)",,
69464c6be79ddf1a52643754,버거스타,"버거 2개 파스타 세트에 밀크셰이크 추가했어요. 두 사람이 버거 두 개 세트로 하기에는 좀 많은데, 여기는 세트가 있어서 좋아요. 그리고 감튀 밀쉨에 찍어먹는건 국룰이죠. 행복합니다 ㅎㅎㅎ",,2인세트(버거2+파스타1+감튀),25.12.20.토,1,1243378372,다해1797,1,https://pup-review-phinf.pstatic.net/MjAyNTEyMjBfMTI5/MDAxNzY2MjE0NzYxMzAz.nUDVPOhKceyGXyk9QInBijrc8uHTz7zFWGUYqgkKjMAg.SexzFbOYlTibGnMSZj-Ou4bxJCjKcfgLvBWuzaqc9vcg.JPEG/09F8B720-D0C6-4A13-B29A-87BA68DCE2A1.jpeg,images/1243378372_77_0.jpg,1,"음식이 맛있어요, 재료가 신선해요, 양이 많아요, 특별한 메뉴가 있어요, 메뉴 구성이 알차요","(예약 없이 이용), 대기 시간(바로 입장), (데이트), (연인・배우자)",,
69461397c4c38e25be0db856,버거스타,종강해도 오는 찐맛집입니다!!!! 너무 맛있고 사장님 사모님이 너무 친절하세요!!!,,텍사스 BBQ버거세트,25.12.20.토,1,1243378372,ohh****,25,https://pup-review-phinf.pstatic.net/MjAyNTEyMjBfMjcz/MDAxNzY2MjAwMTk2MjUx.IkZSZhlnIqufaLS_gue4gt4r304HfWAJEDFesZLevrkg.GXUf0xjfvjjdyyaJTLRGXDGSciUCsYPfepOEKxNMk0kg.JPEG/IMG_5031.jpeg,images/1243378372_78_0.jpg,1,"음식이 맛있어요, 양이 많아요, 재료가 신선해요","(예약 없이 이용), 대기 시간(바로 입장), (일상), (혼자)",,
6945215896b3af6a4444311e,버거스타,가족과 저녁 맛있게 먹었어요.,,텍사스 BBQ버거세트,25.12.19.금,1,1243378372,대한민국 대표,1,https://pup-review-phinf.pstatic.net/MjAyNTEyMTlfMTI5/MDAxNzY2MTM3ODU4MzE1.HJyIrNg-WiZ4TK2oFwWJZVR4v-c4-p2YrXl0xjusb1Ag.iLOFaWHWbdN8X94cPuQ2eJqY48QNHTLD6e_6uNN_5BAg.JPEG/17661378432051244402705126548906.jpg | https://pup-review-phinf.pstatic.net/MjAyNTEyMTlfMTMz/MDAxNzY2MTM4MTY0MzMx.mSqEgeeCuoHnXvZz1OWZpguXmZCFmB2k-Ihva-7c5B8g.7_PptMw-ARrrNA72fYlvz6Jz4ApkwjVbWtbksJx8jVEg.JPEG/17661381341284737022113142811472.jpg?type=w1500_60_sharpen | https://pup-review-phinf.pstatic.net/MjAyNTEyMTlfNyAg/MDAxNzY2MTM4MTc4NjI0.P7mPm_dUQ5Aa_Do8D8lZxAaP6aUN1Sc-hT_ADyb6HZsg.U5hbDT66R_cIxoZoKLxwm1r78AdPx_D_anTwqQ3enjwg.JPEG/17661381687416331733437331300453.jpg?type=w1500_60_sharpen | https://pup-review-phinf.pstatic.net/MjAyNTEyMTlfMzcg/MDAxNzY2MTM4MTg4NzQ4.xPWMUi6hEj93Rgw13HSA7a1913uzCB70mmz96SPwEPUg.QVNeV7YQ4YwPy_e0_CFz0fZ5wFfFjqp2YKT5h5wE_30g.JPEG/17661381821121010403827843261115.jpg?type=w1500_60_sharpen,images/1243378372_79_1.jpg | images/1243378372_79_2.jpg | images/1243378372_79_3.jpg | images/1243378372_79_0.jpg,4,음식이 맛있어요,"(예약 없이 이용), 대기 시간(바로 입장), (가족모임), (아이)",,
6944b45027de31331eb671f0,버거스타,버거 재료 너무 신선하고 맛있어요!!!! 리뷰가 너무 좋아서 기대하고 왔는데 맛있습니다! 감튀까지 맛있👍🏻👍🏻,,리얼 새우버거세트,25.12.19.금,1,1243378372,디클립,1,https://pup-review-phinf.pstatic.net/MjAyNTEyMTlfMjQx/MDAxNzY2MTEwMjE0OTcx.zcG2SxCsBE6-xJJ04e1epdgQ5COyNE9dWlSmuPTsogwg.Q-5SQoVAyfSIpbN6uDYL1ns7yV-gD6Ijphv72g1Og58g.JPEG/IMG_7014.jpeg,images/1243378372_80_0.jpg,1,"음식이 맛있어요, 친절해요, 매장이 청결해요","(예약 없이 이용), 대기 시간(바로 입장), (친목), (친구)",,
694371f744dbe4f87d33f0d4,버거스타,"우연히 왔다가 맛집이라 N번째 방문중인 버거스타!!
남자친구가 멀리사는데 이거 먹으려고 여기까지 왔어요ㅠㅠ 일산에서 미사까지오게만드는 맛집입니다!!
🍔🍔🍔🍔🍔강추…🫶",,버거스타 치즈버거,25.12.18.목,1,1243378372,케린쓰,1,https://pup-review-phinf.pstatic.net/MjAyNTEyMThfNTQg/MDAxNzY2MDI3NzY2MjE0.5St3tOKY5--mGWi9qKzJ3lEuEZGXYRJFqkpu1i6eO9Mg.ByUYmozKXpqrDJHLhwMWvqihhUN935M1gngl6ejekmcg.JPEG/2C86688F-176E-4D4F-BE6E-F30EC8945CEE.jpeg | https://pup-review-phinf.pstatic.net/MjAyNTEyMThfMTkx/MDAxNzY2MDI3NzY1OTE1._UtHlApeKvj8k-FaZmkiflhtYOOF0lnZouW5OxNcLlYg.LWV1rwK178GTDzgKmICIHQFic-xPrNzMxGQ7K0wVRSkg.JPEG/7B7C0585-1DA9-4F4B-9DBA-D970516881D5.jpeg?type=w1500_60_sharpen | https://pup-review-phinf.pstatic.net/MjAyNTEyMThfMTc5/MDAxNzY2MDI3NzY2MDMz.HgUxdRZ9qTXME_k7U5_-96iWFcrAWLt-56e5Oad16ZIg.2m9qxfXfUaW4qSQv8pePzbjJNH0xR53YtsmYbtUdtpQg.JPEG/4DA229F8-6FD1-4262-835C-B6D594DFABBB.jpeg?type=w1500_60_sharpen,images/1243378372_81_2.jpg | images/1243378372_81_1.jpg | images/1243378372_81_0.jpg,3,"음식이 맛있어요, 특별한 메뉴가 있어요, 인테리어가 멋져요, 아늑해요, 혼밥하기 좋아요","(예약 없이 이용), 대기 시간(바로 입장), (데이트), (연인・배우자)",,
693e1df871120a92977864ff,버거스타,"네이버, 카카오 리뷰가 둘 다 엄청 좋아서 와봤는데 좋을만하네요ㅎㅎ
치즈버거, 새우버거 둘 다 패티가 엄청 튼실하고 기본기 탄탄한 맛이라 맛있어요!
세트 가격도 좋아요👍",,리얼 새우버거,25.12.14.일,1,1243378372,Ninaninanigorila,1,https://pup-review-phinf.pstatic.net/MjAyNTEyMTRfMjYw/MDAxNzY1Njc4NTgzMDE3.oV5AfI71_ryGV9x2yM4vD6zcBQYBaFPXTVLNlb3hfWEg.fkL_v_rZofVdeNIkZdwn2VxJYmfa8V4gwhRe6dxy0vsg.JPEG/20251214_111312.jpg.jpg | https://pup-review-phinf.pstatic.net/MjAyNTEyMTRfMjAg/MDAxNzY1Njc4NTgzMDUx.-RjC-z_mPbNnjsS0Hd6U0RylYp15dH6132bk6tNNn5Ig.Gb1GA4A13hqQQlJvVZU0HPRjTwFqaLjlyix3laRIX2cg.JPEG/20251214_111241.jpg.jpg?type=w1500_60_sharpen | https://pup-review-phinf.pstatic.net/MjAyNTEyMTRfMjQ1/MDAxNzY1Njc4NTgyODMw.FLWJV0JAd4KVfvmZwJver6RZrcJKFraJfYYIeqgehbog.BNRUSgvFxtMN78ciQWEsIhw2m1sa420mU4wDLMujmw8g.JPEG/20251214_111235.jpg.jpg?type=w1500_60_sharpen,images/1243378372_82_1.jpg | images/1243378372_82_2.jpg | images/1243378372_82_0.jpg,3,"음식이 맛있어요, 재료가 신선해요, 특별한 메뉴가 있어요, 고기 질이 좋아요, 인테리어가 멋져요","(예약 없이 이용), 대기 시간(바로 입장), (데이트), (연인・배우자)",,
693d64f315794dfc39e88ca7,버거스타,오늘도 생각나서 포장했는데 역시 맛있어요!  조만간 또다시 들릴께요.,,햄버거2종+파스타1종+감튀180g,25.12.13.토,0,1243378372,tomyha,1,,,0,"음식이 맛있어요, 가성비가 좋아요, 재료가 신선해요",(포장·배달 이용),,
693cd7f8e798a6ed2a259550,버거스타,언제나 맛있게 먹고있는 맛집입니다! 특히 새우버거와 치즈버거가 너무 맛있어요~!!!!!,,텍사스BBQ버거,25.12.13.토,1,1243378372,luz****,3,https://pup-review-phinf.pstatic.net/MjAyNTEyMTNfMTY4/MDAxNzY1NTk1MDc5NTU3.mv2jTCQn_nBSYc9Vf61qjxz8hSHAGWDzptgGG5nQkbYg.2zGtTOEK3Qzxm4NvEMus1ZtoD28NFaGhfeNlyRC99jgg.JPEG/IMG_7841.jpeg,images/1243378372_84_0.jpg,1,"음식이 맛있어요, 재료가 신선해요","(예약 없이 이용), 대기 시간(바로 입장), (일상), (연인・배우자)",,
693a7020f148318af121eeb6,버거스타,"맛있게 먹느라 사진 찍는다는 걸 까먹었어요😂
치즈버거가 생각날때 항상 시켜먹는 곳이에요. 맛있게 만들어주셔서 감사합니다~",,버거스타치즈,25.12.11.목,0,1243378372,에옹67,7,,,0,"음식이 맛있어요, 재료가 신선해요, 친절해요",(포장·배달 이용),,
69394a011352a37288fcde60,버거스타,진심 너무너무너무 맛있어서 자주가는곳입니다!,,머쉬룸 불고기버거,25.12.10.수,0,1243378372,뇽뇽6381,6,,,0,"음식이 맛있어요, 재료가 신선해요, 가성비가 좋아요","(포장·배달 이용), 대기 시간(바로 입장), (일상), (연인・배우자)",,
693979e8709847d7d57ea382,버거스타,ㅜㅜ사진 깜빡했는데 이제 햄버거는 무조건 여기만 목어용🥰!!,,버거스타치즈,25.12.10.수,0,1243378372,몽887,4,,,0,"음식이 맛있어요, 재료가 신선해요, 특별한 메뉴가 있어요, 혼밥하기 좋아요","(포장·배달 이용), 대기 시간(바로 입장), (일상), (혼자)",,
69354807e6983ef9303b2e98,버거스타,언제 먹어도 맛있어요!! 매장에서 먹는건 두번째인데 저번이랑 똑같이 맛있고 좋아요☺️☺️,,클래식 더블버거세트,25.12.7.일,1,1243378372,채빵92,1,https://pup-review-phinf.pstatic.net/MjAyNTEyMDdfMjAy/MDAxNzY1MDk5NTIyNjQx.vPUNudVy0SY_Zv4AEusx48KzzP6elcIDY4VZh-d8-nsg.ZM2L0eeIOni25hdmKGFZ0KgHmKv3GK0eq8FFbUisi6Ig.JPEG/IMG_2559.jpeg,images/1243378372_88_0.jpg,1,"음식이 맛있어요, 매장이 넓어요","(예약 없이 이용), 대기 시간(바로 입장), (친목), (지인・동료)",,
69340fc076583112b2e3f1ec,버거스타,"정말 맛있어 보이죠??^^ ㅎㅎㅎ
음식이 모두 푸짐하고
9살,7살 아들들도 정말 맛있게 먹네요~^^",,버거스타치즈버거,25.12.6.토,0,1243378372,jq****,1,,,0,"음식이 맛있어요, 재료가 신선해요, 인테리어가 멋져요, 친절해요, 매장이 청결해요","(예약 없이 이용), 대기 시간(바로 입장), (친목), (연인・배우자)",,
693270a4a323a624b85d259f,버거스타,"맛잇어요 내용물도 신선하고 푸짐해요
감튀도 햄버거도 추천이요 
매장분위기도 너무좋아요😝",,리얼새우,25.12.5.금,1,1243378372,016****,1,https://pup-review-phinf.pstatic.net/MjAyNTEyMDVfMzgg/MDAxNzY0OTEzMjA1ODA1.czFzDLaiwo5MQXK4ve0u57NP1IGeyCSG-EppoxeKb94g.4zf_a7PH2CxVKCr4iRmS0PnYz1_Lw8QTvLMBzhVasVMg.JPEG/IMG_2292.jpeg | https://pup-review-phinf.pstatic.net/MjAyNTEyMDVfNjcg/MDAxNzY0OTEzMjA1OTIz.5jZHaNSw7-sXb2s_joFdNHYIw8qoc8cig5w9UvFca9Ig.KSrn3CCSpLMaCWkJyBCHZ804FOcA7VsA-dFR5D_14Gog.JPEG/IMG_2293.jpeg?type=w1500_60_sharpen,images/1243378372_90_1.jpg | images/1243378372_90_0.jpg,2,"재료가 신선해요, 음식이 맛있어요, 인테리어가 멋져요","(포장·배달 이용), 대기 시간(바로 입장), (일상), (지인・동료)",,
69358064c3a70ae662a7ebdc,버거스타,햄버거도 다 맛있고 감자튀김도 바삭하고 맛있어요,,,25.12.7.일,0,1243378372,토이망치,3,,,0,"음식이 맛있어요, 친절해요, 아늑해요","(예약 없이 이용), 대기 시간(바로 입장), (일상), (지인・동료)",,
693012724b6a32ad5cd77a67,버거스타,"버거의 스타가 맞네요^^
수제버거가 넘 맛있고 매장도 아늑하고 깨끗합니다
자주 올거 같아요",,버거스타 치즈버거,25.12.3.수,1,1243378372,궁구미218,1,https://pup-review-phinf.pstatic.net/MjAyNTEyMDNfMTM4/MDAxNzY0NzU4MTI4MjQx.I86qim8jQA_7RqETyREvF9y-rvQlaSY4tkDTRmyjN4Ig.iQUsXw3yiMkwDRqGjKYEOWKGOqp380Xkbxoa6m7Uog4g.JPEG/20251203_193327.jpg.jpg,images/1243378372_92_0.jpg,1,"음식이 맛있어요, 인테리어가 멋져요, 친절해요","(예약 없이 이용), 대기 시간(바로 입장), (데이트), (연인・배우자)",,
692ececf4c6f56ec31dd1afb,버거스타,미아사거리 수제버거 맛집이에요! 💕 미사에 이런 곳이 있어서ㅠ넘 행복합니당 >_< 파스타 짱 추천해요,,2인세트(버거2+파스타1+감튀),25.12.2.화,1,1243378372,움냥냥ㅇ,1,https://pup-review-phinf.pstatic.net/MjAyNTEyMDJfMTQx/MDAxNzY0Njc1Mjc3NTc2.2LZ7Q8Y7ZmWB3tT0SvwDg8GqpMCkbsUIfhA08riDVTog.cZStfgwn1U8veUAlqULS-tscaIAe7vTwdXWXf9bK7sMg.JPEG/A3B5F8A6-F240-4D87-89A4-B8839ACC4C70.jpeg | https://pup-review-phinf.pstatic.net/MjAyNTEyMDJfMTk0/MDAxNzY0Njc1Mjc3NzA5.7DYCA0HOVA3J3LMhOOS-R8N04dpip2q26eyuIFDAzyYg.R4XGhSG8W2fx9TBdGqN1JBaX2dXHJZPk-uHpSHpuiVsg.JPEG/0C155717-9E2E-45ED-9CD4-0E0BB93C65B2.jpeg?type=w1500_60_sharpen,images/1243378372_93_1.jpg | images/1243378372_93_0.jpg,2,"음식이 맛있어요, 재료가 신선해요, 양이 많아요, 인테리어가 멋져요","(예약 없이 이용), 대기 시간(바로 입장), (데이트), (연인・배우자)",,
692e95e1aab9e16ee5c12d32,버거스타,오늘은 새우버거 먹으러 왔습니다!! 진짜 바삭하고 너무 맛나요!! 사장님 사모님 두분 다 너무 친절하시고 착하세요ㅎㅎ 늘 맛있게 먹고 갑니다~~~,,리얼 새우버거세트,25.12.2.화,1,1243378372,ohh****,24,https://pup-review-phinf.pstatic.net/MjAyNTEyMDJfMTQ2/MDAxNzY0NjYwNjU2ODI4.iZ7nwfKLKfpS_QN5UcBOVIRCOdHFpNEr0vBJUntJPZ8g.fcggTqPW322RAcI4EXDBiB8AlpbMGlXOyJOjCLZ_2FAg.JPEG/IMG_4688.jpeg,images/1243378372_94_0.jpg,1,"음식이 맛있어요, 재료가 신선해요, 양이 많아요","(예약 없이 이용), 대기 시간(바로 입장), (일상), (혼자)",,
692c0af48db4f401de5398fc,버거스타,"치즈버거 🍔 🍔 🍔 🍔 
새우버거 🍔 🍔 🍔 🍔 
대파 크림 파스타 🍝 🍝 🍝 🍝 🍝 
맛있어요~~~~~
또 올께요~
( ^-^)ノ∠※。.:*:・'°☆",,,25.11.30.일,1,1243378372,ts1807,1,https://pup-review-phinf.pstatic.net/MjAyNTExMzBfMTM5/MDAxNzY0NDk0MDY0OTM1.4hABeAYHpGWDpn_HkXQDYuDUT0AN2ActSc6mSBUI9zcg.B4yabHq606n_s27-uXva0CoorClNw0iWTKxTdQJa-8wg.JPEG/video_thumbnail.jpg,images/1243378372_95_0.jpg,1,"음식이 맛있어요, 재료가 신선해요, 양이 많아요, 인테리어가 멋져요, 친절해요","(예약 없이 이용), 대기 시간(바로 입장), (데이트), (연인・배우자)",,
692bcd2cc3e1d3f43a245062,버거스타,"1. 버거스타 미아사거리에서 치즈버거 먹었는데 패티 향이 진짜 미쳤다.
2. 버거집인데 칠리치즈 파스타가 꾸덕하고 진해서 의외로 히트 메뉴.
3. 감튀는 얇고 바삭한 슈스트링 타입이라 중독성 있음.
4. 매장은 깔끔하고 캐주얼해서 편하게 먹기 좋다.
5. 미아사거리에서 버거 땡기면 다시 갈 의사 100%!",,2인세트(버거2+파스타1+감튀),25.11.30.일,1,1243378372,그린테일,1,https://pup-review-phinf.pstatic.net/MjAyNTExMzBfMTA3/MDAxNzY0NDc4MjUwODA0.EB2l_LqzQSQNRTkZ8XPTaZeChHOLAD-XOdiZ0nEZsDYg.U4rzIW_w5liPvecbRWBd8sX6BdmRLjfYk4WyApg6rdEg.JPEG/AD725E28-05BD-47DB-8B2D-A9F592252261.jpeg | https://pup-review-phinf.pstatic.net/MjAyNTExMzBfMjkg/MDAxNzY0NDc4MjQ5NDI5.o7NuHWlYe94wPGC0BcLTZ_mz6xkhNAUW6P-_Eq2pIrIg.MXyIZuMNrCz-04woSHKo6pTiYV9YaclUW-qBdTBpiKAg.JPEG/AAA4DA9F-053F-440E-8B7E-3F884DE2FA2C.jpeg?type=w1500_60_sharpen | https://pup-review-phinf.pstatic.net/MjAyNTExMzBfNjkg/MDAxNzY0NDc4MjQ5NjIz.y9hvrDSGP-1Ow68Kpt0FFI6TkCZKqSMHDiqDtd51CP0g.Sl-JOZidYJhW96RfAVCLJBfu3PUQDlf7QayJYx-GU8Eg.JPEG/C1EC8D51-48F2-4F1C-993D-07F7912DC334.jpeg?type=w1500_60_sharpen | https://pup-review-phinf.pstatic.net/MjAyNTExMzBfMjU2/MDAxNzY0NDc4MjQ5NDU1.IfbjLrU0OKdqc-yea7Lo8PvmTwvKhJuQPrFi3SK73J8g.MLSx_jegtOgHUnANA6IJV3jG1BfiNXATtURDOQoBF0cg.JPEG/85850016-42DE-4F3B-AA16-7E87F4AC835E.jpeg?type=w1500_60_sharpen | https://pup-review-phinf.pstatic.net/MjAyNTExMzBfMjQ2/MDAxNzY0NDc4MjQ5MzUx.mLuClcOd9ipVXGleiv0LwBPYchIgVfkV1XGpDZ4zqaQg.yz8d9pm5xC2PBbACWG9yk09pn1o1VSOxjJtBPKd_dJ0g.JPEG/30B0136E-0566-4BB3-A804-719C46BC18D0.jpeg?type=w1500_60_sharpen | https://pup-review-phinf.pstatic.net/MjAyNTExMzBfMjEw/MDAxNzY0NDc4MjQ5ODU2.k7WAW3X1owBIy1rvBJO8QWbVPgrCga4RD1-2OKd9mZIg.OCnBhAJEiwGhuOoW4OTV3vMcP8ExdIFyM4QrBPUnbs8g.JPEG/0204D0BD-0344-4F61-B37E-6E7A2DBC9C5E.jpeg?type=w1500_60_sharpen | https://pup-review-phinf.pstatic.net/MjAyNTExMzBfMjg1/MDAxNzY0NDc4MjUwNjQz.6i3utQfX4YzGbt7mo86X7gw77ofNUqi24DK0lLJlLFIg.Dtpw_mEOeOy4kCNxX6ATr83uj-HHAAbo4hrdn9_8PcAg.JPEG/029260D6-811F-4AD8-92E2-9ADB0D29B56D.jpeg?type=w1500_60_sharpen,images/1243378372_96_2.jpg | images/1243378372_96_1.jpg | images/1243378372_96_3.jpg | images/1243378372_96_4.jpg | images/1243378372_96_6.jpg | images/1243378372_96_5.jpg | images/1243378372_96_0.jpg,7,"음식이 맛있어요, 재료가 신선해요, 가성비가 좋아요, 인테리어가 멋져요, 사진이 잘 나와요","(예약 없이 이용), 대기 시간(바로 입장), (데이트), (연인・배우자)",,
692a67004a2c80078e81fd05,버거스타,오랜 만에 방문했는데 여전히 맛있네요. ^^,,2인세트(버거2+파스타1+감튀),25.11.29.토,1,1243378372,my5****,2,https://pup-review-phinf.pstatic.net/MjAyNTExMjlfMzAw/MDAxNzY0Mzg2NTU5MTg4.TWaSyZoStfJvcitOwvh9Z0CKS-vUKP8GChiNH4vA9q8g.QaDWUKBXNJ7Tta8P8ZJvAkM1XSwADiSpSDDvwVqk9yEg.JPEG/20251129_122111.jpg.jpg,images/1243378372_97_0.jpg,1,"음식이 맛있어요, 재료가 신선해요, 가성비가 좋아요, 친절해요, 아늑해요","(예약 없이 이용), 대기 시간(바로 입장), (일상), (아이)",,
692827f14490785bc6c1a331,버거스타,"제일 맛있는 수제버거집!!!^^
골목맛집🍀🍀🍀🍀
추천합니다~~
연애할때와서 결혼 후에도 자주 찾아오게되네용~
감사합니당",,2인세트(버거2+파스타1+감튀),25.11.27.목,1,1243378372,hs4443,2,https://pup-review-phinf.pstatic.net/MjAyNTExMjdfMjQg/MDAxNzY0MjM5MzQyNTk4.I3jYroxtHcx8nnzt6xS32tdgJ47e_KqhaDw9RM2Behwg.cn17F8PC70sjK5dh_oI2-vAX0YXsUydM-rWcSuh_mOYg.JPEG/20251127_192649.jpg.jpg | https://pup-review-phinf.pstatic.net/MjAyNTExMjdfNTIg/MDAxNzY0MjM5MzQzMzM5.j2lv8Ul2uFYSyyP3fFoUbwg8nagXUZt0R7WmsBPX1CYg.znge7oB0HlrphjK87p4qZtmiApqx5ymjoQ9t7q-vf9wg.JPEG/20251127_192651.jpg.jpg?type=w1500_60_sharpen,images/1243378372_98_1.jpg | images/1243378372_98_0.jpg,2,"인테리어가 멋져요, 매장이 넓어요, 뷰가 좋아요, 혼밥하기 좋아요","(예약 없이 이용), 대기 시간(바로 입장), (데이트), (연인・배우자)",,
6926e2bed50246342665bc65,버거스타,버거 정말 부드럽고 간도 적당해서 맛있어요. 케찹 통 따로 주시는데 깔끔하게 관리되어 있고 일회용 쓰레기 안 나와서 너무 좋아요!,,버거스타 치즈버거,25.11.26.수,1,1243378372,야옹여융,1,https://pup-review-phinf.pstatic.net/MjAyNTExMjZfNTkg/MDAxNzY0MTU2MDkxMTMw.wP_qug0ns4kbUhsMnDXWexnyY2EMvA9tSmEghwW8K5og.ZiDGzvuv8VsdqXlQN9_EeckIyPwg8yDEJeLP3-4J7M0g.JPEG/F6BD8F94-63BC-4AD8-B49A-9BDBB79904BC.jpeg | https://pup-review-phinf.pstatic.net/MjAyNTExMjZfMTQz/MDAxNzY0MTU2MDkxMjA2.lAQOEx0omW85eP4ojcSBEY6pofpnucoBxNCIo_WLWxkg.am5U-GnbiHMoVXSfhEDXEUhUYD7n7sYLom_1GeuE280g.JPEG/342C7EC4-BBEF-4853-8863-450953FAC8AA.jpeg?type=w1500_60_sharpen | https://pup-review-phinf.pstatic.net/MjAyNTExMjZfMTcg/MDAxNzY0MTU2MDkxMTQw.xdD5whIDf3DMsyF5rgP4XaTSuO_dz6aabruZV1h6MgYg.osEHUy24TVzJz94RADmLLXk28RBsell9ALX3ExM5bKcg.JPEG/DDB90096-23E0-4936-9D6A-5101CB8FCE8B.jpeg?type=w1500_60_sharpen,images/1243378372_99_2.jpg | images/1243378372_99_1.jpg | images/1243378372_99_0.jpg,3,"음식이 맛있어요, 재료가 신선해요, 양이 많아요, 고기 질이 좋아요, 혼밥하기 좋아요","(예약 없이 이용), 대기 시간(바로 입장), (데이트), (연인・배우자)",,
69dcc4718b76c050c9c392ee,버거다이브,맛있어요!!,,더블 스매쉬 버거,4.13.월,1,2053841865,EeUuN,2,https://pup-review-phinf.pstatic.net/MjAyNjA0MTNfODMg/MDAxNzc2MDc1ODU5NzUx.i_3xbJJ-DduBGOdfEygjK82a13U6vofNsVU2Wl7qf6Ug.tleiaelLk9u_YFAcMkvHJri85c42sSekUJ2-7_Y0ab8g.JPEG/IMG_8772.jpeg,images/2053841865_0_0.jpg,1,음식이 맛있어요,"(예약 없이 이용), 대기 시간(바로 입장), (일상), (혼자)",,
69dca03dd0024ed2b7dbb929,버거다이브,스매쉬해서 눌러 구운 패티 버거 처음 먹어봤는데 이게 감칠맛이 좋습니다. 비프칠리 치즈 프라이는 그냥 사이드가 아니라 메인급 비주얼+양이라 같이 시키면 배부르게드십니다. 영수증리뷰로 받은 치킨텐더는 kfc 치킨 한조각 보다 맛있습니다! 세트로 먹으니 든든하네요..! 너무 잘먹었습니다!,,스매쉬 버거 세트,4.13.월,1,2053841865,rkfmvk,1,https://pup-review-phinf.pstatic.net/MjAyNjA0MTNfNjEg/MDAxNzc2MDY2NjE5NzE3.NwdFyxyDpCSEUNGHkzoUst_MkAXBWbx7wSTHBnGwrfQg.pdSOhpWDWv3y6cVO_46_2DL7q79nOpZsjyP_iQWjfeAg.JPEG/20260413_162832.jpg.jpg,images/2053841865_1_0.jpg,1,"음식이 맛있어요, 재료가 신선해요, 잡내가 적어요, 혼밥하기 좋아요, 아늑해요","(예약 없이 이용), 대기 시간(바로 입장), (일상), (혼자)",,
69dc81afabc9f0e18be433ce,버거다이브,버거번도 너무 푹신하니 맛있구 전체적으로 넘 맛있습니당!,,스매쉬 버거,4.13.월,0,2053841865,김범석150,1,,,0,"음식이 맛있어요, 양이 많아요, 인테리어가 멋져요, 매장이 넓어요, 친절해요","(예약 없이 이용), 대기 시간(바로 입장), (데이트), (연인・배우자)",,
69dc81abc700ed7b27535f13,버거다이브,수제버거 처음인데 맛있어요!!🫰🏻🫰🏻,,통모짜렐라 치즈스틱,4.13.월,1,2053841865,띨띠리링,1,https://pup-review-phinf.pstatic.net/MjAyNjA0MTNfMTkx/MDAxNzc2MDU4NzkzMzYx.buItkmp349Tep7gLKnRz7Ms6X9UCumbn2pvcAWY8kvIg.nEMrSrrpRz9Df0L1tN2oVkoJRTUHxKiCwIaWFoY9Ds0g.JPEG/753325D3-D59F-4FDD-9319-B5D96D6E5754.jpeg,images/2053841865_3_0.jpg,1,"음식이 맛있어요, 재료가 신선해요, 고기 질이 좋아요, 친절해요, 인테리어가 멋져요","(예약 없이 이용), 대기 시간(바로 입장), (데이트), (연인・배우자)",,
69dc740bcc9a00a4f4f2ebd4,버거다이브,맛있어요~~~~ 테이블 개별오더 더치페이도 가능해요!,,다이브 시그니처 버거,4.13.월,1,2053841865,클라우드백,1,https://pup-review-phinf.pstatic.net/MjAyNjA0MTNfMjY4/MDAxNzc2MDU1MzA1NTMz.kH52b7yeZP-COxINezcxDp6QSN6W2YNuLhSnGilA-a4g.SOUz5msIfPFG9dHyLuuxK98cxXyjC--zqbiiYjo0nI8g.JPEG/20260413_134115.jpg.jpg,images/2053841865_4_0.jpg,1,"음식이 맛있어요, 재료가 신선해요, 인테리어가 멋져요, 음악이 좋아요","(예약 없이 이용), 대기 시간(바로 입장), (일상), (지인・동료)",,
69dc7c2fc8aef3576f4356d3,버거다이브,친절하시고 버거도 넘 맛있어요!,,다이브 시그니처 버거 세트,4.13.월,1,2053841865,꿀꿀7568,1,https://pup-review-phinf.pstatic.net/MjAyNjA0MTNfMjcg/MDAxNzc2MDU3Mzg5NzQw.DJc4HpVBE7dA8SAv_LFWxCkTxVdalsZXUpYXrekFLHAg.7npeHOnYMDEQOGYR8OixHwq8FGZm6UVnyktr_vyKVdwg.JPEG/A61581C7-0AF9-4CC0-84AD-63930B700B84.jpeg,images/2053841865_5_0.jpg,1,"음식이 맛있어요, 재료가 신선해요, 인테리어가 멋져요, 혼밥하기 좋아요, 친절해요","(예약 없이 이용), 대기 시간(바로 입장), (친목), (친구)",,
69dc5e77d416419037d95669,버거다이브,JMT에요 회시 근처라 자주와요,,그린 버거 세트,4.13.월,1,2053841865,Yelm30,1,https://pup-review-phinf.pstatic.net/MjAyNjA0MTNfMTYz/MDAxNzc2MDQ5NzgyMzA1.7x21Ynk_tp9xSmRokyL_OfB_es5IIWHga3Zoll23og0g.WXVi4S8ry5vdqBMynPA8517gJP-LV3OGPOiFx_u7CjMg.JPEG/DC62AF14-508D-4E45-B449-3AA0D97331A5.jpeg,images/2053841865_6_0.jpg,1,"음식이 맛있어요, 재료가 신선해요, 음악이 좋아요, 대화하기 좋아요, 친절해요","(예약 없이 이용), 대기 시간(바로 입장), (일상), (지인・동료)",,
69dc5e4e393adb9a1616f825,버거다이브,버거덕후 동료가 추천해줘서 왔어요!!! 쟌맛,,그린 버거 세트,4.13.월,0,2053841865,whynotblair,1,,,0,"음식이 맛있어요, 재료가 신선해요, 현지 맛에 가까워요, 컨셉이 독특해요, 인테리어가 멋져요","(예약 없이 이용), 대기 시간(바로 입장), (일상), (지인・동료)",,
69dc59f62e64bae8ecc884cb,버거다이브,,,다이브 시그니처 버거,4.13.월,1,2053841865,Libertine85,1,https://pup-review-phinf.pstatic.net/MjAyNjA0MTNfMTk0/MDAxNzc2MDQ4NjI4OTQ3.wEPR2tUM8Z0VAiMUtDxdMNdGQSTIjxYFKViXRrEWNTUg.LTrEyOBmDANwXjpMSV8CmnXrO2KdpOEruqt0W2VuXDMg.JPEG/74B2DE2E-2687-4BFC-AD71-076B2009166A.jpeg,images/2053841865_8_0.jpg,1,"친절해요, 매장이 청결해요, 음식이 맛있어요, 가성비가 좋아요, 차분한 분위기예요","(예약 없이 이용), 대기 시간(바로 입장), (일상), (혼자)",,
69db85a33b86e106c46907ab,버거다이브,햄버거 종류도 다양하고 다 한입씩 먹어보고 싶은 맛이에요 스파이시 코울슬로랑 치킨이랑 조합이 좋아요,,스매쉬 버거,4.12.일,0,2053841865,고요27,1,,,0,"음식이 맛있어요, 친절해요","(예약 없이 이용), 대기 시간(바로 입장), (일상), (혼자)",,
69db8354921ffa7ba74ba5bb,버거다이브,지난번에 먹어보고 맛있어서 포장 해서 먹다가 또 방문했어요!! 새로운 버거도 도전했어요😮 통모짜 짱맛…💕,,통모짜렐라 치즈스틱,4.12.일,1,2053841865,미니7580,2,https://pup-review-phinf.pstatic.net/MjAyNjA0MTJfMTgy/MDAxNzc1OTkzNjgyNTQ3.OfEGFWN-xlUdrbWILOy091HHa3bA-C4IeF_I8sSKb2Eg.NcPgYQqbFBns8VDJXRZLKPGqsyoYfIZEsmNZ_0BnabEg.JPEG/FA04A501-C574-4D70-9702-917AA0FD8DFF.jpeg,images/2053841865_10_0.jpg,1,"음식이 맛있어요, 재료가 신선해요, 특별한 메뉴가 있어요","(예약 없이 이용), 대기 시간(바로 입장), (데이트), (연인・배우자)",,
69db72f0284194393063374d,버거다이브,버거가 빵이랑 패티가 전부 맛있어요 치킨맛집이라더니 그것도 사실이네요 맛집인정이요,,더블 스매쉬 버거 세트,4.12.일,1,2053841865,놀고싶은자작나무,1,https://pup-review-phinf.pstatic.net/MjAyNjA0MTJfOTgg/MDAxNzc1OTg5NDg2OTMx.-jXMtPygniVPrxnIptep2FYHvPPDg6SRotg1PPBnZ-4g.DJp5_Wv56ZElTTjcknjIREQFx7aycZ_SUoQtNJXizAMg.JPEG/20260412_192252.jpg.jpg,images/2053841865_11_0.jpg,1,"음식이 맛있어요, 재료가 신선해요, 양이 많아요, 메뉴 구성이 알차요, 고기 질이 좋아요","(예약 없이 이용), 대기 시간(바로 입장), (데이트), (연인・배우자)",,
69db62b0f0375df92fa97142,버거다이브,재료가 신선하고 튀김 맛집이네요~☺️,,다이브 시그니처 버거 세트,4.12.일,1,2053841865,프로핏31,1,https://pup-review-phinf.pstatic.net/MjAyNjA0MTJfMTEg/MDAxNzc1OTg1MzI2MzEy.ieCD9GwRO_-0Q0MwyYG1AP1vvqiNktjpmKz1pTW0oaUg.uQvFR8Wmi5dd10GFvncgsAOLaZ1y8BkJB-hGBEMBmncg.JPEG/5435207F-7BA2-4AC5-8109-1556D4E061C8.jpeg,images/2053841865_12_0.jpg,1,"음식이 맛있어요, 재료가 신선해요, 매장이 청결해요","(예약 없이 이용), 대기 시간(바로 입장), (데이트), (연인・배우자)",,
69db5b8e16804e0f3731787c,버거다이브,지나가다 보긴만 하고 처음 와봤는데 메뉴도 엄청 다양하고 맛있어요! 매콤한 메뉴도 많은거 같아서 다음에 또 와서 다른 메뉴 먹어보고싶어요.,,핫 스매쉬 버거 세트,4.12.일,1,2053841865,서인수15,1,https://pup-review-phinf.pstatic.net/MjAyNjA0MTJfMTIx/MDAxNzc1OTgzNTAwNDI5.uoSX7ZGivC1MGad1adYVux8A2EbMQU7fr4viQvMjzYYg.Tq5TG9WRPVJkC4bh30DDzsYe3rm-pjXgnc29CcXUv-Ug.JPEG/A5D6A0AD-55B4-4B09-A91B-B73FE16C29C7.jpeg | https://pup-review-phinf.pstatic.net/MjAyNjA0MTJfMjMx/MDAxNzc1OTgzNDk5OTc4.apxSu4Wo0tnIMH1YUaKQs_7NGFI1YIkUo9nGRs0MtPog.XIhyguEDBc3LckoB87hr-9SAs1jZt40_AmhpDLoznQog.JPEG/791B130F-30A1-4F28-8D4C-5A04145AD49D.jpeg?type=w1500_60_sharpen | https://pup-review-phinf.pstatic.net/MjAyNjA0MTJfMTQ2/MDAxNzc1OTgzNTAwNzQz.OiaCwACMicI7WR2YWH8fxrzClCkKe6hOUSMkiDvWW8Qg.VhWoHUBLAMHydSQu-Aztd8bCh1oebs1Pwn7ppg2GAFgg.JPEG/C283984A-393D-4BB9-964D-AE7AFB9E48C6.jpeg?type=w1500_60_sharpen,images/2053841865_13_2.jpg | images/2053841865_13_1.jpg | images/2053841865_13_0.jpg,3,"음식이 맛있어요, 재료가 신선해요, 특별한 메뉴가 있어요, 인테리어가 멋져요, 혼밥하기 좋아요","(예약 없이 이용), 대기 시간(바로 입장), (일상), (혼자)",,
69db5af067256da11a1191a8,버거다이브,"수제버거1티어🩵
친절도도 끝판왕이에요!",,더블 그린 버거 세트,4.12.일,1,2053841865,오예2183,1,https://pup-review-phinf.pstatic.net/MjAyNjA0MTJfMjk1/MDAxNzc1OTgzMzE3MzUz.CgI4-IDjiY6n2xARQWH6Itm6NXoUgpwO6wGQ9AToEJQg.7nhJc7_ZjicXSemqGa3eaerusa5dEwKYWbs1HG1kK7sg.JPEG/IMG_6297.jpeg,images/2053841865_14_0.jpg,1,"음식이 맛있어요, 인테리어가 멋져요, 친절해요","(예약 없이 이용), 대기 시간(바로 입장), (데이트), (연인・배우자)",,
69db76faa7aab1a824540216,버거다이브,"다이브 시그니처 버거 너무 맛있어요~
통모짜치즈도 치즈 늘어나는거 대박😆
버거에 감튀 올려먹어도 맛있으니 그 조합으로 드셔보세요~!!
너무 배부르게 먹고갑니당",,더블 핫 스매쉬 버거 세트,4.12.일,1,2053841865,lis****,1,https://pup-review-phinf.pstatic.net/MjAyNjA0MTJfMTM2/MDAxNzc1OTkwNTIwMjg1.dzNFa0zmeQrwRUvpKDLMQTh97xRjYVdRrrR11zPrS4Qg.mGG4SGEwIvWNaWLyf2cdq67YaR6uH_xDLjXw3Owio2og.JPEG/8A8C2341-A974-4064-A9D6-47D636953AED.jpeg,images/2053841865_15_0.jpg,1,"음식이 맛있어요, 양이 많아요, 특별한 메뉴가 있어요, 재료가 신선해요, 가성비가 좋아요","(예약 후 이용), 대기 시간(바로 입장), (데이트), (연인・배우자)",,
69db4f495c4d3c2294aab2c0,버거다이브,"아이랑 처음 방문한 성수~
집이랑 가까워도 오기쉽지않았는데 성수온김에 아이가 좋아하는 버거집에 방문했어요😄😆😁
리뷰만 보고 첨 와봤는데 매장도 멋지고 기대했던 치즈스틱이 진짜 대박이네요~
햄버거맛이야 뭐 말모말모😍🤩
다음엔 친구들이랑 또 방문할게요~",,통모짜렐라 치즈스틱,4.12.일,1,2053841865,하늘나린17,1,https://pup-review-phinf.pstatic.net/MjAyNjA0MTJfODIg/MDAxNzc1OTgwMTY4MjY3.uYBy40dbjUGCnmg_EmdaIj-pCmiAu4-KCpKsVRMDwxEg.dGXzA12uSGIWUnaT7PfO5-kzbKRtrfSQj3m1z5WmsYMg.JPEG/17759801504717055272660765944378.jpg | https://pup-review-phinf.pstatic.net/MjAyNjA0MTJfOTYg/MDAxNzc1OTgwMzI5NDE3.tk8VwgsObXHfekBIVc5rzXvyKsPCtochjFg3ZsyviAMg.9E-StZS69FY-R84pQlHIyFj6hZKoA6L5P9T-Aqnc-9Mg.JPEG/17759803143717735000985527951784.jpg?type=w1500_60_sharpen | https://pup-review-phinf.pstatic.net/MjAyNjA0MTJfMjY1/MDAxNzc1OTgwMzQyMTk4.LmQAAwr1C07ynfz9-m9CXeGuIJE3z5nxFK5ncMqKf9gg.Na8DucDU_PKy5Pj843tDOSay3IQTZanu9gR4s2Xa3mAg.JPEG/17759803336928249368342432356058.jpg?type=w1500_60_sharpen,images/2053841865_16_2.jpg | images/2053841865_16_1.jpg | images/2053841865_16_0.jpg,3,"음식이 맛있어요, 인테리어가 멋져요, 음악이 좋아요, 친절해요, 좌석이 편해요","(예약 없이 이용), 대기 시간(바로 입장), (일상), (아이,연인・배우자)",,
69db4c1147db7af8aba7c4f2,버거다이브,너무 맛있네용... 담에 또 올게욥!! 맛있어용!!,,핫 스매쉬 버거 세트,4.12.일,1,2053841865,dhw****,1,https://pup-review-phinf.pstatic.net/MjAyNjA0MTJfMjE1/MDAxNzc1OTgwNDA0OTgz.D7HdEJO9rLgiNeFmD5yYVwVVsKUXgVFFr1zG7__r5uYg.NIJ9ghW-n0FXR6lIycTOrUGH9su-DQ_eX1GKNQQ_3vsg.JPEG/4E32240F-7733-46C2-B0E6-A0EDD5E56C91.jpeg,images/2053841865_17_0.jpg,1,"음식이 맛있어요, 재료가 신선해요, 인테리어가 멋져요, 매장이 넓어요, 혼술하기 좋아요","(예약 없이 이용), 대기 시간(바로 입장), (데이트), (연인・배우자)",,
69db5b8739e6118eacf54e25,버거다이브,식당분위기도좋고 음식이 신선하고 치즈랑패티가 너무맛있어요!,,통모짜렐라 치즈스틱,4.12.일,1,2053841865,고스톱28,1,https://pup-review-phinf.pstatic.net/MjAyNjA0MTJfMzUg/MDAxNzc1OTgzNDkzMzEz.uUjizwW_AcJth3yGStxuYYz3cjgNy09qYq-eP8_vrTYg.H4TrrrEh23PXZTLeW2s3gkTbTnbA2Vmk10YuA5LX8gYg.JPEG/B7DC44FB-2DCB-45F5-832E-3088C1EE27CD.jpeg,images/2053841865_18_0.jpg,1,"음식이 맛있어요, 재료가 신선해요, 인테리어가 멋져요","(예약 없이 이용), 대기 시간(바로 입장), (데이트), (연인・배우자)",,
69db4003e41c878b76cb4720,버거다이브,분위기가 좋아요!! 음식도 맛있어요!,,* 해쉬 버거 세트,4.12.일,1,2053841865,츄르79,1,https://pup-review-phinf.pstatic.net/MjAyNjA0MTJfNSAg/MDAxNzc1OTc2NDQ5MjA0.3-NaVXqVfvIwP-5aR4mWjA0kEc04MuTHfSQ6vCIlhHQg.fUGKxBhGRZ6ZIQdvwG1dIsd0zegYNnOjBbqCAYqvUskg.JPEG/1000095543.jpg.jpg | https://pup-review-phinf.pstatic.net/MjAyNjA0MTJfMjM3/MDAxNzc1OTc2NDQ5NTE1.DlxZXaf-MkAJBk_0hLKWcqFIkB-mEhdjhH2rfFU0uzEg.-CQBX8rnRgYVy-_v5uAAvwZLgkG8-KsAL-ImsOv1Ulog.JPEG/1000095540.jpg.jpg?type=w1500_60_sharpen,images/2053841865_19_1.jpg | images/2053841865_19_0.jpg,2,"음식이 맛있어요, 인테리어가 멋져요, 친절해요, 화장실이 깨끗해요, 매장이 청결해요","(예약 없이 이용), 대기 시간(바로 입장), (데이트), (연인・배우자)",,
69db3819dea3afa01779060c,버거다이브,버거랑 감자튀김이 맛있고 치킨텐더도 방금튀긴걸 줘서 엄청 바삭하고 맛있어요 그리고 직원이 친절해서 다음에도 올거같아요!!,,베이컨 치즈버거,4.12.일,1,2053841865,iho****,1,https://pup-review-phinf.pstatic.net/MjAyNjA0MTJfMjc4/MDAxNzc1OTc0NDI0MTEx.x7xGOcs89Oy67pmZd4NTKIl3TIpRknr_FtqqPs0yGEcg.-V6nEds3GjjivKBYuxH8YtrNUUCSgzSJuMNvN0BbjIwg.JPEG/5D78C65A-090B-43D9-A7D5-D9CAAB5F1FF2.jpeg,images/2053841865_20_0.jpg,1,"음식이 맛있어요, 인테리어가 멋져요, 친절해요","(예약 없이 이용), 대기 시간(바로 입장), (데이트), (연인・배우자)",,
69db3801eea62b50dc47d2fd,버거다이브,남자친구랑 서울 놀러와서 밥짓 찾다가 둘다 버거를 좋아해서 수제버거 검색해서 맛있어보이길래 먹으러 왔어요!! 너무 맛있고 수제버거는 소스가 특별해야하는데 소스도 딱 맛있은 것 같애요 다음에 또 성수 오게되면 먹으러 오겠습니다!,,통모짜렐라 치즈스틱,4.12.일,1,2053841865,qkr****,1,https://pup-review-phinf.pstatic.net/MjAyNjA0MTJfOTAg/MDAxNzc1OTc0Mzk5OTky.HXNEDndyqQ8Jr0CgFoo9DDVRVwd7J-0yIMApjoxW2gsg.SukEHMhMt_XEv1h8ksf6VPOI2Aun1vWvkV2FSoQ26e4g.JPEG/EF03D5CF-6BA8-4604-9A56-38A180B8F045.jpeg,images/2053841865_21_0.jpg,1,"음식이 맛있어요, 재료가 신선해요, 인테리어가 멋져요, 친절해요, 매장이 청결해요","(예약 없이 이용), 대기 시간(바로 입장), (데이트), (연인・배우자)",,
69db308627cb6156b5fc7100,버거다이브,맛 서비스 굿굿 성수오시면 강추,,스매쉬 버거 세트,4.12.일,1,2053841865,야채참치33,1,https://pup-review-phinf.pstatic.net/MjAyNjA0MTJfMTAw/MDAxNzc1OTcyNDg0ODQ0.04yfbp-9jHQM8e0_Lz9nlHEblZJdM21Yz0EqBuC2358g.O13-SEmN1un_vWBz5Meoq3-J8A9zUlT1ZmCxtHlNqzEg.JPEG/476F5106-5683-4517-B3CF-1A272EBD1D94.jpeg | https://pup-review-phinf.pstatic.net/MjAyNjA0MTJfMjM3/MDAxNzc1OTcyNDgzNjg0.lVf2IwJ1lDT6aO-YzP_8TeAj39T6ZidnEJoVH6UaL6Yg.W422_IiZEvTW2P_wG5BsfwJdZM3-jBFP1sCJbLEnNggg.JPEG/FFA196B4-B84C-4864-91A1-2459299A2F69.jpeg?type=w1500_60_sharpen,images/2053841865_22_1.jpg | images/2053841865_22_0.jpg,2,"인테리어가 멋져요, 음악이 좋아요, 재료가 신선해요, 가성비가 좋아요","(예약 없이 이용), 대기 시간(바로 입장), (데이트,나들이), (연인・배우자)",,
69db302a60407309cd0105f0,버거다이브,"재료가 싱싱합니다!!!!
너무맛있네요
육즙이 팡팡 터지고^.^아이들과 함께 왔는데 아이들도 먹기에 짜지않고 좋았습니다!!!
재방문의사 있습니다.",,통모짜렐라 치즈스틱,4.12.일,1,2053841865,씽씽8392,1,https://pup-review-phinf.pstatic.net/MjAyNjA0MTJfMjk2/MDAxNzc1OTcyMzg1ODM1.GF4BqKgsjnILpZkZflg98XeaEWxGhTBwTAskiPfMoB4g.8h5wvd7lxZKZPKtcOwU7S2WRwVqTjXdzF2F1wV3-Dj0g.JPEG/DE41863A-EB91-443B-B706-844596804A29.jpeg | https://pup-review-phinf.pstatic.net/MjAyNjA0MTJfMTk1/MDAxNzc1OTcyMzkwMjUz.iXZvuTTq46QFEfCcsVwSjHP9YwQJWLGWVAlJb7eKs6sg.2imX8FTHjtB4SGrnKGKzJ7BSByzWWNly7YPqszUfWQcg.JPEG/86688AD7-7D0A-4FA2-BB01-793500B07BFE.jpeg?type=w1500_60_sharpen | https://pup-review-phinf.pstatic.net/MjAyNjA0MTJfMjc5/MDAxNzc1OTcyMzkyODE1.uUfQ5Sk1Zy9pZ_oR4fJsxPkG3QpwG9AvtaeGD4LyYj4g.fA286BCsx4huQnJSM4MSg7nEYwdWBoPJltmXnxlez_sg.JPEG/8D619012-2445-47EC-AE5B-B50294676114.jpeg?type=w1500_60_sharpen,images/2053841865_23_1.jpg | images/2053841865_23_2.jpg | images/2053841865_23_0.jpg,3,"음식이 맛있어요, 재료가 신선해요, 인테리어가 멋져요, 친절해요, 화장실이 깨끗해요","(예약 없이 이용), 대기 시간(바로 입장), (나들이), (연인・배우자,아이)",,
69db2ab674a9bd347579f85b,버거다이브,맛있아요~,,통모짜렐라 치즈스틱,4.12.일,1,2053841865,순박이85,1,https://pup-review-phinf.pstatic.net/MjAyNjA0MTJfNTAg/MDAxNzc1OTcwOTk2MDU3.LtAVZxPES02GlDKT0O_2ioaNTIwhoRwFxU3Jk0SWKsMg.uODw3vNSigIEshhcqTL8uMN5IF1Lwtdgq-Gkac5c7sQg.JPEG/1000047946.jpg.jpg,images/2053841865_24_0.jpg,1,"음식이 맛있어요, 양이 많아요, 매장이 넓어요, 혼밥하기 좋아요","(예약 없이 이용), 대기 시간(바로 입장), (친목,나들이,여행,일상,기념일,회식,가족모임,비즈니스,데이트), (아이)",,
69db28dbbd72bbaac07c2828,버거다이브,너무 맛있어요 치즈스틱도 맛있어요 !!,,스매쉬 버거 세트,4.12.일,1,2053841865,sim****,1,https://pup-review-phinf.pstatic.net/MjAyNjA0MTJfMTYz/MDAxNzc1OTcwNTIwNzIx.6xWWtc3KxZ8daLjVGONH1lI64_dcNmuRcagLufu9Ibcg.7ncE4ciHepx7JEQtO3iPljQAYGzgSyJOq20QCHn8_QIg.JPEG/4DAB6202-0432-4222-A19E-3F8960F22ECC.jpeg,images/2053841865_25_0.jpg,1,"음식이 맛있어요, 재료가 신선해요, 양이 많아요, 특별한 메뉴가 있어요","(예약 없이 이용), 대기 시간(바로 입장), (데이트), (친구)",,
69db203630b2b03dba8469c8,버거다이브,"처음 방문했는데 너무 맛있네요
재방문의사 있습니다^^",,다이브 시그니처 버거,4.12.일,0,2053841865,goodbrian9,1,,,0,"특별한 메뉴가 있어요, 가성비가 좋아요, 건강한 맛이에요, 메뉴 구성이 알차요","(예약 없이 이용), 대기 시간(바로 입장), (나들이), (아이)",,
69db1feb63ec6cf0b65e4996,버거다이브,너무 맛있고 또 다시 오고 싶네요. 히히,,카스 생 330ml,4.12.일,0,2053841865,hel****,1,,,0,"음식이 맛있어요, 재료가 신선해요, 특별한 메뉴가 있어요, 가성비가 좋아요","(예약 없이 이용), 대기 시간(바로 입장), (나들이), (부모님)",,
69db155c4eaec272cd10ddd8,버거다이브,"스매쉬버거, 더블 스매쉬 버거 세트로 시켰는데 빵이 부드럽고 맛있어요 감자튀김도 두툼하고 맛있어요 다음엔 도파민 버거 먹어보고 싶어요",,스매쉬 버거 세트,4.12.일,1,2053841865,해봉이96,1,https://pup-review-phinf.pstatic.net/MjAyNjA0MTJfMTM0/MDAxNzc1OTY1NTMwMzkz.7aYMvBABoeS4rfZRPVjyxkdbI7DJTEV8VHJY3k5WbUMg.OluQY2Jbw0oBtYVnOvaPrgpIbf_WDbW7QcwynC8de_8g.JPEG/5511.jpg.jpg,images/2053841865_28_0.jpg,1,"음식이 맛있어요, 재료가 신선해요, 잡내가 적어요, 혼밥하기 좋아요, 인테리어가 멋져요","(예약 없이 이용), 대기 시간(바로 입장), (나들이), (연인・배우자,친척・형제자매)",,
69db1489702a6c1e17d3f8af,버거다이브,도파민이 싹 도는 맛입니다 😋😋😋 빵도 엄청 부드럽고 소스랑 해서 자극적이면서 엄청 맛있어요!! 전체적으로 식감이 부드럽고 좋습니다ㅎㅎ,,더블 그린 버거,4.12.일,1,2053841865,박돌26,1,https://pup-review-phinf.pstatic.net/MjAyNjA0MTJfMjIx/MDAxNzc1OTY1MzIwNTEx.GTejQ1xWcdPjyGd2iJ90KZ9Ph55uEGSwMI4F3oDzdRwg.4o734gI8PXVxbyTgpXoReSsdKBjr4ZE0QJZS7uRfSfQg.JPEG/1000024044.jpg.jpg,images/2053841865_29_0.jpg,1,"인테리어가 멋져요, 대화하기 좋아요, 음식이 맛있어요, 재료가 신선해요","(예약 없이 이용), 대기 시간(바로 입장), (일상), (친척・형제자매)",,
69db0fcebe6f0d8e924257df,버거다이브,너무 맛있어요 !,,스매쉬 버거 세트,4.12.일,1,2053841865,pmj****,1,https://pup-review-phinf.pstatic.net/MjAyNjA0MTJfMjI5/MDAxNzc1OTY0MTA4MjI4.2cKFr39tfkOkFqnGxqw8zBzrTZMW2gHSaCGSvT8ogmQg.clCds3rXyO2e9NntM60ZSIDkHITodB-5Lxhb7ndIQgog.JPEG/0631F8D9-CDDA-4A09-ADBA-94D2673EDE2F.jpeg,images/2053841865_30_0.jpg,1,"음식이 맛있어요, 재료가 신선해요, 양이 많아요, 인테리어가 멋져요","(예약 없이 이용), 대기 시간(바로 입장), (일상), (혼자)",,
69daf8e7265ee8d1827bfb89,버거다이브,"후회합니다... 일욜 아침 오픈런 뿌셨습니다... 친절하신 사장님, 직접 만드시는 버거와 사이드들... 맛있네요. 맛있습니다. 너무 맛있어요!!!!!!!! 성수에서 왜 이제 왔을까요... 후회합니다. 더 일찍 왔어야 했는데... 칠리 듬뿍 프라이랑 닭강정, 핫코울슬로 사이드들도 다 맛있어요. 안 맛있는 게 뭐지? (알바 아님, 주작 아님) 사장님 오늘부로 버거다이브는 제 성수 최애 Top 97 등극입니다. 그런데 다이브버거로 검색하면 결과에 안 뜨네요. 이건 개선하시면 좋을 거 같습니다. 버거 맛있어요. 모든 메뉴 다 뿌셔보고 싶습니다. 오래오래 운영해주세요. 맛있는 버거 만들어주셔서 감사합니다. 제목 어그로는 귀엽게 봐주세요 ㅎ",,머쉬룸 트러플 버거,4.12.일,1,2053841865,강철ironman,1,https://pup-review-phinf.pstatic.net/MjAyNjA0MTJfNzkg/MDAxNzc1OTU4MjQ2MDI1.IR7cKOUd-ne3Fsf21MOC_MU8vCE737lxqS0uaxd9EgMg.IFtQxWO1Am9HFczFf9cLXshioQwL-tHKNHwDZwg4JdQg.JPEG/4F786F12-EF9D-4FD8-825B-07D8A22C14FC.jpeg | https://pup-review-phinf.pstatic.net/MjAyNjA0MTJfMjU0/MDAxNzc1OTU4MjQ0NTEx.896vA2maFGchhjUFkOmh9bSNXDhx_GkZWZRy85HA2Z0g.0mHQi2LcNmIyEOV6e-5xn6Q5_inSilhsKWBuAYwVzUQg.JPEG/7F6C262F-792D-4FBE-82D4-C22498551029.jpeg?type=w1500_60_sharpen,images/2053841865_31_1.jpg | images/2053841865_31_0.jpg,2,"음식이 맛있어요, 재료가 신선해요, 특별한 메뉴가 있어요, 가성비가 좋아요, 인테리어가 멋져요","(예약 없이 이용), 대기 시간(바로 입장), (데이트), (연인・배우자)",,
69daf77389eaf4f78c2b2d71,버거다이브,"깨끗한 매장과 청결한 관리👍
노래도 음식도 맛있어요👍👍👍👍👍",,다이브 시그니처 버거 세트,4.12.일,1,2053841865,euuuuunnn,1,https://pup-review-phinf.pstatic.net/MjAyNjA0MTJfMjA4/MDAxNzc1OTU3ODYwMTk4.k4XEGm4XTpIncgdFqaTCp1S_EK25j2k85cgQmls4msYg.1OhmRjexLuE6VyxqghdSR5g0z_h7eVGHsowT8z72UVEg.JPEG/F902C5CF-5183-483E-8552-33DBE15581E7.jpeg | https://pup-review-phinf.pstatic.net/MjAyNjA0MTJfMjQ5/MDAxNzc1OTU3ODY0OTg4.KodE_LtNBYGAEEZYEoihcBirHjvwp4kOpvUl3qqOHtUg._2j8EXwzrxArCLR3NFT0_xUDMVcmIi6kX728KNTX8RYg.JPEG/C2074CDB-B020-4479-9D8B-E9AB93709D17.jpeg?type=w1500_60_sharpen | https://pup-review-phinf.pstatic.net/MjAyNjA0MTJfMTI2/MDAxNzc1OTU3ODczMjMy.3Pg-Ue2j9zpht6dqXGeOLZ_QhhbKAWrq7l_XSkzguq0g.imCuv78Khyv3-_ZbGLHAG1ex0MgAgX73oZEQFuIgGZQg.JPEG/68558E70-6FE7-49A5-A2DA-0CEDCC9D451E.jpeg?type=w1500_60_sharpen | https://pup-review-phinf.pstatic.net/MjAyNjA0MTJfOTgg/MDAxNzc1OTU3ODY3ODM1.MvMfep8E-IELgGBqvq17C4praeYxC8LYCRKvQjKBhBEg.EE7HHvh4J_3M8tEH2zoY-i810Pn5bjDw8FUTIOKF33sg.JPEG/A11D0F14-91DD-46CD-8ED5-95E27B3194F9.jpeg?type=w1500_60_sharpen,images/2053841865_32_1.jpg | images/2053841865_32_3.jpg | images/2053841865_32_2.jpg | images/2053841865_32_0.jpg,4,"음식이 맛있어요, 재료가 신선해요, 특별한 메뉴가 있어요, 인테리어가 멋져요","(예약 없이 이용), 대기 시간(바로 입장), (데이트), (연인・배우자)",,
69db583756d5c9eac330540a,버거다이브,엄마랑 버거 맛집 찾다가 발견했음.... 완전 맛있어 서울숲 놀러 오면 무조건 와서 먹어봐야돼!! 강추,,통모짜렐라 치즈스틱,4.12.일,1,2053841865,bhu****,1,https://pup-review-phinf.pstatic.net/MjAyNjA0MTJfMTQx/MDAxNzc1OTgyNjQxODM0.FBWJy1b-iKeehH1Ezc7Gug6S3lxmiQ_HFa4BL7lZWm8g.tYjf7BvedDjdNJ4sVRZqk0vwBA9O8L_qiGJ4IxWgT0sg.JPEG/0E91B032-E480-46CA-87F7-B40EBC1F3259.jpeg | https://pup-review-phinf.pstatic.net/MjAyNjA0MTJfMTg5/MDAxNzc1OTgyNjQ1Nzc1.FCyyxApM63-EcuJPJADM9tXUEYlNPopFMUxVmpFEb78g.nEpQ58dx47tB8i7y3yBk_cWedDgxoBOoJWwezbHPEqgg.JPEG/A29D8855-80EE-4A2D-876B-C0D95A8DABC9.jpeg?type=w1500_60_sharpen,images/2053841865_33_1.jpg | images/2053841865_33_0.jpg,2,"음식이 맛있어요, 재료가 신선해요, 인테리어가 멋져요","(예약 없이 이용), 대기 시간(바로 입장)",,
69d9fea14f57b31f07074edb,버거다이브,너무 맛있게 먹었어요!!,,스매쉬 버거,4.11.토,1,2053841865,jun****,1,https://pup-review-phinf.pstatic.net/MjAyNjA0MTFfMzQg/MDAxNzc1ODk0NzYzMzQ3.uEP7Bb2NFUPKIKQ6MNeuE3__-6MYGK60_6o3zDZ9Yh4g.hwWacNrGITNScpdZms6GXb1vj8JwSFGMXvdizCTqomUg.JPEG/877E6559-D9DC-434E-83D3-F00431F70DA1.jpeg,images/2053841865_34_0.jpg,1,"음식이 맛있어요, 재료가 신선해요, 인테리어가 멋져요, 매장이 넓어요","(예약 없이 이용), 대기 시간(바로 입장), (데이트), (연인・배우자)",,
69d9fa8f0bacc13357e254ea,버거다이브,,,스메쉬 버거,4.11.토,1,2053841865,Milkyboba,1,https://pup-review-phinf.pstatic.net/MjAyNjA0MTFfMTQx/MDAxNzc1ODkzNDAxNTk5.AUtYoiQvIGfpBLgGEd8KTN4bJubvJViI-bq4ALsM0Egg.eLSjV8znt52lH6qvNXzecoXViuacHCv3lsGp57jCCeEg.JPEG/A4CD1008-BD35-4F0F-94AE-BC35DB4AA490.jpeg,images/2053841865_35_0.jpg,1,음식이 맛있어요,"(예약 없이 이용), 대기 시간(바로 입장), (데이트), (친구)",,
69d9fa948df4db76501338ce,버거다이브,"수제버거 방문 했습니다.
양도많고 버거도 맛있어요",,스매쉬 버거,4.11.토,1,2053841865,cha****,1,https://pup-review-phinf.pstatic.net/MjAyNjA0MTFfMjUg/MDAxNzc1ODkzMTM4NDgy.CKJi7ZbPo0uerOe4KKzb_8XeRvGTP0sc4VB-OxPCP9Yg.Wry-4nLLrWYSuLg2kGfFLDnBkVCTxXyw2u_nEwQtSJEg.JPEG/20260411_163702.jpg.jpg | https://pup-review-phinf.pstatic.net/MjAyNjA0MTFfMjIw/MDAxNzc1ODkzMzgzODc3.Qmf7SkFi4yzRRuQEzAw45CSYGPnEx5d_VmJM3NM7z5Ug.oxzAYSZkKqSJZ-w29bHJGbFuZbowrnxYbsiacDfpY3sg.JPEG/20260411_164233.jpg.jpg?type=w1500_60_sharpen,images/2053841865_36_1.jpg | images/2053841865_36_0.jpg,2,"음식이 맛있어요, 재료가 신선해요, 양이 많아요, 특별한 메뉴가 있어요, 가성비가 좋아요","(예약 없이 이용), 대기 시간(바로 입장), (연인・배우자,친구)",,
69d9fafd039705d05bcde56f,버거다이브,너무 맛있습미다!!,,다이브 시그니처 버거,4.11.토,1,2053841865,남솔비,1,https://pup-review-phinf.pstatic.net/MjAyNjA0MTFfNjAg/MDAxNzc1ODkzMjQyMjgw.KrwBgTUy9FrYsBhS_xzMqVyV0cVe_B9oLwBHGrY6iK8g.9_BsNhJGHM1U5Cm-RDgZJCje5kv0rsaKo7Nl7e9_gl8g.JPEG/5AFB020F-560F-49F8-A87D-81879655EB3C.jpeg,images/2053841865_37_0.jpg,1,"음식이 맛있어요, 매장이 넓어요, 인테리어가 멋져요, 친절해요","(예약 없이 이용), 대기 시간(바로 입장), (가족모임), (부모님)",,
69d9fb2f29f540494d289590,버거다이브,너무 맛있습니다😆,,더블 스매쉬 버거 세트,4.11.토,1,2053841865,유4946,1,https://pup-review-phinf.pstatic.net/MjAyNjA0MTFfNDkg/MDAxNzc1ODkzMjkzODUy.KF820JtD82tLuC0rjOQ6kA4QeLwlpiT13SwpRGFBnAgg.ZARRRGejKxr9gK3aeEkv_BzcT6o1HCP2txp3umOf4GYg.JPEG/8CDDB84B-DF6A-4A6E-A638-8E09F6E2B3F6.jpeg,images/2053841865_38_0.jpg,1,"양이 많아요, 인테리어가 멋져요, 매장이 넓어요","(예약 없이 이용), 대기 시간(바로 입장), (친목), (부모님)",,
69d9f5565867e4e2d1f5cffc,버거다이브,분위기 좋고 직원들이 너무 친절해요,,도파민 버거 세트,4.11.토,0,2053841865,bak****,1,,,0,음식이 맛있어요,"(예약 없이 이용), 대기 시간(바로 입장), (일상), (혼자)",,
69d9fa2845895e61efde7ae8,버거다이브,"나이스 버거 맛좋고 분위기 좋고 나이스 한 버거
숨 참고 버거 다이브",,스매쉬 버거 세트,4.11.토,1,2053841865,김영훈3565,1,https://pup-review-phinf.pstatic.net/MjAyNjA0MTFfNjAg/MDAxNzc1ODkzMDMwMTYw.vvqofPdy7TabEzHMAYmUkTptpPwwZMOUCahJa5PX4-Ug.yrXRvZnU1kcpaNzalpufiet6YAYqp4zK0PDIV0WQtZog.JPEG/3A5F4FBE-5622-4232-91B1-33A217AAED00.jpeg | https://pup-review-phinf.pstatic.net/MjAyNjA0MTFfNDkg/MDAxNzc1ODkzMDI4MTY3.wVO6nSkgSk-ozwgCIQt9uyA3zWnt55JPMi--kNl3VDQg.MrjamhJSEX2rRfLrk1E9NR0TiO57Z1Dz_X_t5hPkvwwg.JPEG/18B2B9C5-A00D-482E-8855-694E7DFD2A9F.jpeg?type=w1500_60_sharpen | https://pup-review-phinf.pstatic.net/MjAyNjA0MTFfMjE1/MDAxNzc1ODkzMDI4NzY2.6zehyFTCOuNFBgXgwjVwX6ipPq20w0K6dV1MFfAoiv8g.x-Q24XRGlhEXwFr_X6pYsjyiDa05Np9kQGxdR35Kyrog.JPEG/EC5BD62D-586E-462A-88F5-E12F98C03252.jpeg?type=w1500_60_sharpen,images/2053841865_40_2.jpg | images/2053841865_40_1.jpg | images/2053841865_40_0.jpg,3,"음식이 맛있어요, 재료가 신선해요, 양이 많아요, 인테리어가 멋져요, 매장이 넓어요","(예약 없이 이용), 대기 시간(바로 입장), (데이트), (연인・배우자)",,
69d9faa4666c4b92f98aae83,버거다이브,"와.. 좋다… 너무 좋다!!!
수제버거 좋아하시는 분들 강추!!!

버거 다이브 야르~
숨참고 버거 다이브~ 우후우우우우~~😆",,다이브 시그니처 버거 세트,4.11.토,1,2053841865,gus****,1,https://pup-review-phinf.pstatic.net/MjAyNjA0MTFfNzUg/MDAxNzc1ODkzMTU0Mjk4.VeOvlhi9CPWsNAcWw_ni1-QI0or3h3tSKYkFuXHc5GEg.uVpjb7uj2re7vO_bxAArgHpha-QTARxjH_hzTUhy_W0g.JPEG/99C7058F-2C9D-46B5-B802-FD94D0EE03F0.jpeg | https://pup-review-phinf.pstatic.net/MjAyNjA0MTFfMTA4/MDAxNzc1ODkzMTUzNjA3.jppTAZMI2tpVRXh1wKYCryMuIs42N-OfOaNNEg1Yj8og.deW-5FpGypWwG9xlCxgRc9KYrFETxrji8OKF10Zuo4cg.JPEG/030EBE95-FA5C-477B-A781-C178AFC511AE.jpeg?type=w1500_60_sharpen,images/2053841865_41_1.jpg | images/2053841865_41_0.jpg,2,"음식이 맛있어요, 재료가 신선해요, 양이 많아요, 혼밥하기 좋아요, 단체모임 하기 좋아요","(예약 없이 이용), 대기 시간(바로 입장), (데이트), (연인・배우자)",,
69d9fadca86282400d2bd69c,버거다이브,너무 맛있고 친절하고 행복했어요,,카스생 330ml,4.11.토,1,2053841865,woa****,1,https://pup-review-phinf.pstatic.net/MjAyNjA0MTFfMTQ5/MDAxNzc1ODkzMjEwNjk1.NkJ752_YTxKACT24tV7yln5BKu2AGExHTDExAD2o7f8g.0bI0HI6ZnfMOAnBB6jT4n-9Un1ttTmHVfp0kqyD7Zx0g.JPEG/0E33DBEB-0336-4CA1-83FC-CAF8181FB98A.jpeg,images/2053841865_42_0.jpg,1,"음식이 맛있어요, 재료가 신선해요, 양이 많아요, 특별한 메뉴가 있어요","(예약 없이 이용), 대기 시간(바로 입장), (데이트,친목,나들이), (친구)",,
69d9fa759a9664da6d4b8a87,버거다이브,버거다이브 스메쉬버거 맛있어요~~,,스매쉬 버거,4.11.토,1,2053841865,ch****,1,https://pup-review-phinf.pstatic.net/MjAyNjA0MTFfMTg2/MDAxNzc1ODkzMTA3ODA2.wbLkRIJ2aCXnCJDbCEyJoZC9m_c9yN9LhMSf2nsgk10g.kJBpNlMp84_wXjMLXUH3ZfwYHdEw3ZpAwoCRr3rrsVwg.JPEG/2ACB3448-B8E1-4B2F-94AC-4734595127C1.jpeg,images/2053841865_43_0.jpg,1,"음식이 맛있어요, 인테리어가 멋져요","(예약 없이 이용), 대기 시간(바로 입장), (일상), (지인・동료)",,
69d9e82ff51d1fe95f556a2f,버거다이브,패티가 너무 실해요. 너무 맛있습니다. ㅎㅎ성수에서 버거는 여기 추천 합니다.,,,4.11.토,1,2053841865,시부르르르르랄,1,https://pup-review-phinf.pstatic.net/MjAyNjA0MTFfMjYx/MDAxNzc1ODg4NDI5NTc5.4IkDCXK_RHixwqU_JuuuQ3bxX_awuCcfZIvtPcApjTgg.CVi90Jt7qXzWj6SW87GSlpDZw4mgFfea5xHLO37xpgkg.JPEG/116.jpg.jpg,images/2053841865_44_0.jpg,1,"음식이 맛있어요, 재료가 신선해요","(예약 없이 이용), 대기 시간(10분 이내 ), (데이트), (연인・배우자)",,
69d9e3694aef2891c4692cd9,버거다이브,"왕십리서 놀다 일부러 버거다이브 먹으러왔어요.
너어무 맛있게 먹고갑니다.
신선합니다♡♡",,다이브 시그니처 버거 세트,4.11.토,0,2053841865,cjd****,1,,,0,"음식이 맛있어요, 재료가 신선해요","(예약 없이 이용), 대기 시간(바로 입장), (데이트), (연인・배우자)",,
69d9e30a6cb3716321666046,버거다이브,리뷰보고 방문했는데 분위기도. 좋고. 맛있어요. 잘먹고 갑니다,,다이브 시그니처 버거 세트,4.11.토,0,2053841865,에스비디자인조민상,1,,,0,음식이 맛있어요,"(예약 없이 이용), 대기 시간(바로 입장), (데이트), (아이,연인・배우자)",,
69d9e5221552979f17915a35,버거다이브,음식이 맛있어요!,,더블 스매쉬 버거 세트,4.11.토,1,2053841865,현배1113,1,https://pup-review-phinf.pstatic.net/MjAyNjA0MTFfODkg/MDAxNzc1ODg3NjQ4MDEw.1gCq9D2z8NJ7W-3efsNkqVrfUZmf9lMxo3k4GsUfvX8g.WMHPiGZDLmDCXXVhasvXExztmHMtdovBoqfCoBF90mEg.JPEG/68DA84DC-782A-40C2-855F-B4D1DE520A7B.jpeg,images/2053841865_47_0.jpg,1,음식이 맛있어요,"(예약 없이 이용), 대기 시간(바로 입장), (여행,일상), (친구,혼자)",,
69d9e34191099247c9cba6e1,버거다이브,성수에 버거 먹을 곳이 별로 없어서 뚝섬까지 걸어 왔는데 맛집 찾은 것 같아요! 시그니처랑 하와이안 버거 너무 맛있어요,,다이브 시그니처 버거 세트,4.11.토,1,2053841865,콜린스74,1,https://pup-review-phinf.pstatic.net/MjAyNjA0MTFfMTU4/MDAxNzc1ODg3MTY3OTAx.JmB-ZNitg3IUryjtv5N2J9M4pByTKjWIQEx1cIkECr0g.X8dYe2N_gikbJFyyYgxrAamM7_ky1SjTGJPcDUapqawg.JPEG/75F980A6-A591-4C0F-97DE-5CFDE18D0225.jpeg | https://pup-review-phinf.pstatic.net/MjAyNjA0MTFfMTUz/MDAxNzc1ODg3MTY4MDUw.Lw2viFl9WCimlypkSTP-g6cNlIfmOMdUdatQKgDUKm4g.hsu96rR68RXSk9aoGzCNkJAI1_rcBcjKvNT9A92_ZDEg.JPEG/914501F6-58CC-4797-9676-249864DD4789.jpeg?type=w1500_60_sharpen,images/2053841865_48_1.jpg | images/2053841865_48_0.jpg,2,"음식이 맛있어요, 가성비가 좋아요","(예약 없이 이용), 대기 시간(바로 입장), (일상,나들이), (친구)",,
69d9e112bac38e5f10ccb29d,버거다이브,맛있어요 ! 뚝섬역이랑도 가깝고 분위기도 좋아용 다음에 또 올 것 같아요,,그린 버거,4.11.토,1,2053841865,sun u,1,https://pup-review-phinf.pstatic.net/MjAyNjA0MTFfMTc1/MDAxNzc1ODg2NjA4ODIw.U8qd0XqLz_1YmC0R_yY4roFm1L-DV2_r2L-iOQGAxpIg.Hqmr04XEr23flNTBzguMvYZMdAjsNg1PJFSIxivkbj8g.JPEG/2054839A-6B46-4DC6-AEDE-B58AE00ED153.jpeg | https://pup-review-phinf.pstatic.net/MjAyNjA0MTFfNjgg/MDAxNzc1ODg2NjA5MjA5.F4ovlzZsD0rJ2HDgh_kTw7Ajw6eO3lgnm0Jils0EAUMg.r3knjyf3HsbrGnXl88qxu-Eq9vwzpiRB3P1mFdEXd8cg.JPEG/BE9965D1-DDFE-41AF-BE43-BE2C7BBBF26A.jpeg?type=w1500_60_sharpen,images/2053841865_49_1.jpg | images/2053841865_49_0.jpg,2,"음식이 맛있어요, 재료가 신선해요, 메뉴 구성이 알차요, 아늑해요, 인테리어가 멋져요","(예약 없이 이용), 대기 시간(바로 입장), (데이트), (연인・배우자)",,
69d9dfd8432f4b96f0263ffb,버거다이브,수제버거여서 퀄리티가 좋고 야채가 신선해서 너무 맛있어요 👍🏻👍🏻👍🏻 추천합니당!,,머쉬룸 트러플 버거,4.11.토,1,2053841865,크크크003,1,https://pup-review-phinf.pstatic.net/MjAyNjA0MTFfNCAg/MDAxNzc1ODg2Mjk0ODI2.Zb6queyN0rHqiNzi5R0w-kI3Y2IfzQqwU3K0EEAQPxkg.5Z2q3vO1HWu9tki1Yn5M-0UOuAWJxd-46Nc0C8fUlsAg.JPEG/30CAFCA7-C266-40C3-A34E-CC6184C30F2E.jpeg,images/2053841865_50_0.jpg,1,"음식이 맛있어요, 재료가 신선해요, 친절해요, 매장이 청결해요","(예약 없이 이용), 대기 시간(바로 입장), (친목), (친구)",,
69d9da3824a871ac838873ac,버거다이브,"나오자마자 참지 못하고 다 먹어버려서 사진이 이렇지만.. 진짜 맛있어요 몇번을 왔는지 모르겠어요
도파민버거는 처음 먹어봤는데 한입한입이 강렬해욬ㅋㅋㅋㅋ
상당히 자극적이야.. 쨋든 맛도리
두번 오세요 아니 그냥 계속 오세요",,그린 버거,4.11.토,1,2053841865,Jaetriever,2,https://pup-review-phinf.pstatic.net/MjAyNjA0MTFfMjQ0/MDAxNzc1ODg0ODU0MDUy.9tQRyQmD82gPh6_r2mkhsRVKAmzNcYW4GKSEtW-J660g.4LoN97_xqCYb-2l4Xx5QZIvcFDbBD03HmAh1d7SPhZ4g.JPEG/3BF0384E-3015-4721-8758-C4B08DEE064B.jpeg,images/2053841865_51_0.jpg,1,"음식이 맛있어요, 재료가 신선해요, 양이 많아요, 음악이 좋아요, 혼밥하기 좋아요","(예약 없이 이용), 대기 시간(바로 입장), (친목), (친구)",,
69d9d8408f20c51f96a30252,버거다이브,"직원이 매우 친절하고
음식도 맛있고 분위기도 좋아요",,그린 버거,4.11.토,1,2053841865,dakeshin,1,https://pup-review-phinf.pstatic.net/MjAyNjA0MTFfMjA5/MDAxNzc1ODg0MzQ4Mzc3.afK5SloumYIaOj0kXA2EqQpx4FkeokuS2wG1rMmsyYQg.kQxE7830AzbybBBRIIJTgutWjp-roXWuZVDMiCyd6Ssg.JPEG/1000029425.jpg.jpg,images/2053841865_52_0.jpg,1,"음식이 맛있어요, 재료가 신선해요, 사진이 잘 나와요, 인테리어가 멋져요, 친절해요","(예약 없이 이용), 대기 시간(바로 입장), (데이트), (연인・배우자)",,
69d9da7e304f5a69ddceba1b,버거다이브,"냠냠 트러플향이 너무 맛있었어요 버섯도 많구 아삭아삭 양상추도 엄청 많아서 배가 불렀어요~
자극적인 햄버걸ㄹㄹㄹㄹㄹ",,통모짜렐라 치즈스틱,4.11.토,1,2053841865,혜니7226,1,https://pup-review-phinf.pstatic.net/MjAyNjA0MTFfNDkg/MDAxNzc1ODg0OTI1MTcx.RZ42NvfzGgwVFf5AFA8yR6G3ZUhjRv--VUcJQ6kQ37Qg.VZmdwazFzIp8rHoiUVLhfTgzyTtrmlQowdDMjVjkvGIg.JPEG/20260411_141941.jpg.jpg,images/2053841865_53_0.jpg,1,"음식이 맛있어요, 재료가 신선해요, 양이 많아요, 음식이 빨리 나와요, 친절해요","(예약 없이 이용), 대기 시간(바로 입장), (친목), (친구)",,
69da32d14ada9e00a3fcde99,버거다이브,너어무 맛있어용 ㅎㅎㅎ,,스매쉬 버거 세트,4.11.토,1,2053841865,kan****,1,https://pup-review-phinf.pstatic.net/MjAyNjA0MTFfMjIw/MDAxNzc1OTA3NTM1ODYw.UkYdrT5PZXwdLwqDIFRC7IZF4j9Kill-UlXeEAxNQAwg.ey932X_taK4rlH5prpAeIy33arUt1o69j4y3j4P0WZkg.JPEG/1000008757.jpg.jpg,images/2053841865_54_0.jpg,1,"음식이 맛있어요, 재료가 신선해요, 양이 많아요, 특별한 메뉴가 있어요","(예약 없이 이용), 대기 시간(바로 입장), (데이트), (연인・배우자)",,
69da3318446c45f9432b833d,버거다이브,맛있어요 배터질듯,,스매쉬 버거 세트,4.11.토,1,2053841865,강아쥐주인,1,https://pup-review-phinf.pstatic.net/MjAyNjA0MTFfMTk1/MDAxNzc1OTA3NjA3NTU0.WhtvqqQv5yw_xpECcy8THH4xZ_3VXHRZ8QK7NyXgVSMg.ENeWYIxWN2-ItJXSIax45xRlZzElrhyx7lkQJKF5N18g.JPEG/3EB56866-A99D-4CE6-BD9F-6378B93881A4.jpeg,images/2053841865_55_0.jpg,1,"음식이 맛있어요, 재료가 신선해요, 양이 많아요, 특별한 메뉴가 있어요","(예약 없이 이용), 대기 시간(바로 입장), (데이트), (연인・배우자)",,
69d9bf9fcede5d10dbcc88b2,버거다이브,"버거 진짜 맛있고, 치즈스틱.... 대박입니다... 이런게 치즈스틱이죠",,통모짜렐라 치즈스틱,4.11.토,1,2053841865,coco4577,1,https://pup-review-phinf.pstatic.net/MjAyNjA0MTFfMjEy/MDAxNzc1ODc4MDQ1MDAz.AYo8U0wz39hor08-NPXLLZKO83MER3x5QCsqqzH5zeMg.LJWXW3F64GaotsZlbevgJHLvoPvnIM6TlgVnmxFDWtAg.JPEG/12787.jpg.jpg,images/2053841865_56_0.jpg,1,"음식이 맛있어요, 재료가 신선해요, 특별한 메뉴가 있어요","(예약 없이 이용), 대기 시간(바로 입장), (나들이), (연인・배우자)",,
69d9bcea128c305536275e9d,버거다이브,처음 와봤는데 진짜 맛있네여!,,통모짜렐라 치즈스틱,4.11.토,1,2053841865,덴보6,1,https://pup-review-phinf.pstatic.net/MjAyNjA0MTFfMjQg/MDAxNzc1ODc3MzUyNzc2.IBKIaYTu_RSceX7o53Hbgwztq8AvXmJEdBHuKW51zZEg.JVYDR6NCKWo2W6u1UPn0lOGnIsdnl8YAppkeUtrHnQ8g.JPEG/1000034984.jpg.jpg,images/2053841865_57_0.jpg,1,"음식이 맛있어요, 특별한 메뉴가 있어요, 단체모임 하기 좋아요, 매장이 청결해요","(예약 없이 이용), 대기 시간(바로 입장), (데이트), (연인・배우자)",,
69d901b2d3c82ffa6e819bec,버거다이브,진짜 먹다 눈물을 흘렸음니다. 입에서 눈물이 났음니다. 정말 맛있음니다.,,다이브 시그니처 버거 세트,4.10.금,1,2053841865,cwa****,1,https://pup-review-phinf.pstatic.net/MjAyNjA0MTBfMTE1/MDAxNzc1ODI5MzkyMTgx.HPEfRw8n0hvgHVuyNT1dY63gYchJ-9R2uJJRaz4WIoog.YY_kSLf2IviloTf8K2cZxgpbueyi5ci8hkpqj4D2GQUg.JPEG/17758293827055345658059911449220.jpg,images/2053841865_58_0.jpg,1,"음식이 맛있어요, 재료가 신선해요, 양이 많아요","대기 시간(바로 입장), (데이트), (연인・배우자)",,
69d901b6703a4c68c45b3fad,버거다이브,둘이 먹다 하나 죽는다는 말이 여기엿군요!,,스매쉬 버거 세트,4.10.금,1,2053841865,jhk****,1,https://pup-review-phinf.pstatic.net/MjAyNjA0MTBfMTg0/MDAxNzc1ODI5NDI4NDg1.yzxTEsy9vyyJl3Lsz17-G55RBHQyO7cDaAgmisHMNyAg.WQPZm5N41HD7aXea18U2CmqcrUlx3VzoOKx9pdlO0Xgg.JPEG/20260410_225546.heic.jpg,images/2053841865_59_0.jpg,1,"음식이 맛있어요, 재료가 신선해요, 인테리어가 멋져요, 친절해요, 매장이 청결해요","(예약 없이 이용), 대기 시간(바로 입장), (데이트,나들이), (반려동물,친척・형제자매)",,
69d902dce73ed847dd7fc3e4,버거다이브,너무 맛있습니다!! 다음에 오면 또 방문 하겠습니다!!,,다이브 프라임 치킨렉 4p,4.10.금,1,2053841865,박동찬73,1,https://pup-review-phinf.pstatic.net/MjAyNjA0MTBfNTUg/MDAxNzc1ODI5NzIzMDI0.q0kdTq2oVkguoswssSm_-hucuO_CujqecEIy4o9vrYgg.L1YhUgtaMqBOax93hUsr501WX741t5glaUaQycGyIowg.JPEG/20260410_230133.heic.jpg,images/2053841865_60_0.jpg,1,"음식이 맛있어요, 인테리어가 멋져요, 친절해요","(예약 없이 이용), 대기 시간(바로 입장), (친목), (친구)",,
69d8de4402a43187cc95bfd2,버거다이브,새로 생긴거 같은데 혼밥하기 좋습니다!,,스매쉬 버거 세트,4.10.금,1,2053841865,정승오82,1,https://pup-review-phinf.pstatic.net/MjAyNjA0MTBfMjU3/MDAxNzc1ODIwMzU1MDQ3.x1waKokOB1sl4jWAByY7Wj8Ggje8H8GmsplhmkM9YV0g.-8aU_5iog5xD7q_J-geBmGE35QD_IVeqkmt-nMmAoJsg.JPEG/08CFF373-8C2F-48B5-9ED4-86FC1DE98EED.jpeg,images/2053841865_61_0.jpg,1,"음식이 맛있어요, 매장이 넓어요, 혼밥하기 좋아요","(예약 없이 이용), 대기 시간(바로 입장), (친목), (혼자)",,
69d8cfa57385b85aa0ad7c41,버거다이브,버거 냄새도 죽이고 엄청 맛있어요!! 육즙 가득하고 재료도 신선해서 다음에 또 오려구요!!,,스매쉬 버거 세트,4.10.금,1,2053841865,챙챙이,1,https://pup-review-phinf.pstatic.net/MjAyNjA0MTBfMTE0/MDAxNzc1ODE2NjExNTcz.a1opDKbQlaC-AvJsUiADG4bKTuVjPJxt1TjwcrfCNeog.FVpXKQ1tr-7Vtgd8PYCxNvmfCs-BHJcaXiyq4ZWuakEg.JPEG/A26EE921-C256-47A8-80D6-431E264D4257.jpeg,images/2053841865_62_0.jpg,1,"음식이 맛있어요, 재료가 신선해요, 인테리어가 멋져요","(예약 없이 이용), 대기 시간(바로 입장), (친목), (친구)",,
69d8cfad35a87b3a354252f8,버거다이브,맛있어용,,스매쉬 버거 세트,4.10.금,1,2053841865,김민채20,1,https://pup-review-phinf.pstatic.net/MjAyNjA0MTBfMjg4/MDAxNzc1ODE2NjE5Nzcz.glz0v9UBObzqL5I2UsACIRVp7avDXYWtKzVXDxPes_cg.gED_u888tsQRG7QV3TMBrDC9ChGnefTtQN3FPsnsCVgg.JPEG/1000060127.jpg.jpg,images/2053841865_63_0.jpg,1,"음식이 맛있어요, 인테리어가 멋져요","(예약 없이 이용), 대기 시간(바로 입장), (친목), (친구)",,
69d8fff1fff9a7b879c75ed9,버거다이브,더블스매쉬 미국느낌이 나면서 너무너무 맛있어요!!,,다이브 시그니처 버거,4.10.금,1,2053841865,5wodms5,1,https://pup-review-phinf.pstatic.net/MjAyNjA0MTBfMTky/MDAxNzc1ODI5NDYxOTIw.d0W0JCxQXCyVrxYvGHum6OCVSz-LvX_pKQ8rHYZQdHog.fINMXC59C5hqcRndxWnviKKesmFwY3sROfaO3E3i_jIg.JPEG/57981AE3-99F4-4848-A586-77B3BA53CD06.jpeg,images/2053841865_64_0.jpg,1,음식이 맛있어요,"(예약 없이 이용), 대기 시간(바로 입장), (친목), (친구)",,
69d87611111418024713fef1,버거다이브,너무 맛있어요!!버거다이브 먹으러 서울 놀러왔는데 기대이상이네용,,다이브 시그니처 버거 세트,4.10.금,1,2053841865,dbs****,1,https://pup-review-phinf.pstatic.net/MjAyNjA0MTBfMjc0/MDAxNzc1NzkzNjc4NDcy.MA5oiIOArt_WJn-SC_6j6hEH4OXXksOGmclzP_lneGYg.KNLUCJ3w5n57fEeTzDmxS6TfPPTxXfq4i1ew8gr3qoMg.JPEG/20260410_125835.jpg.jpg,images/2053841865_65_0.jpg,1,"음식이 맛있어요, 재료가 신선해요, 인테리어가 멋져요, 친절해요, 매장이 청결해요","(예약 없이 이용), 대기 시간(바로 입장), (친목), (친구)",,
69d875e59adaaf942660f5b6,버거다이브,양도 많고 맛있어요 !,,다이브 시그니처 버거 세트,4.10.금,1,2053841865,정석호8828,1,https://pup-review-phinf.pstatic.net/MjAyNjA0MTBfMTU4/MDAxNzc1NzkzNjI1MDM5.hKf_ZnpSThrMgpxDoCWa9u7-1RReXmFLEcajkd_KNYgg.99nn88e8ALpkdzpHAmNoBKTcvSl7PlHpoyJ7MfM0t9Yg.JPEG/20260410_130011.jpg,images/2053841865_66_0.jpg,1,"음식이 맛있어요, 친절해요","(예약 없이 이용), 대기 시간(바로 입장), (친목), (친구)",,
69d77743c8636f7208236aa3,버거다이브,,,다이브 시그니처 버거 세트,4.9.목,1,2053841865,shdjkfc,1,https://pup-review-phinf.pstatic.net/MjAyNjA0MDlfNzEg/MDAxNzc1NzI4NTg5NjE0.gaiwRE6gBvQGwioYwoqy9gGa_cGiQjJi5jpJt916M5Ig.8rJOkjQYYcb1-VcwRjYTwkzWKstfA5dvONFpe2ewicog.JPEG/8BF1051D-491E-4E27-8182-75654A5CD90A.jpeg,images/2053841865_67_0.jpg,1,"메뉴 구성이 알차요, 음식이 맛있어요, 인테리어가 멋져요, 친절해요","(예약 없이 이용), 대기 시간(바로 입장), (친목), (친구)",,
69d777d6a58292605863c1be,버거다이브,,,핫 스매쉬 버거 세트,4.9.목,1,2053841865,HB3972,1,https://pup-review-phinf.pstatic.net/MjAyNjA0MDlfMjc5/MDAxNzc1NzI4NTk3MDUw.Filz0kNNMpaGIRh3PinwgiRCNQtZymQ-8U0ewqVxBxQg.7Tq92OTH4sdDojNVFFeR00fa85k0gyiX-Cy-tVU-Va8g.JPEG/750E8ED9-4319-4AAA-94D3-B6FB9505D34D.jpeg,images/2053841865_68_0.jpg,1,"재료가 신선해요, 음식이 맛있어요, 인테리어가 멋져요, 매장이 넓어요","(예약 없이 이용), 대기 시간(바로 입장), (친목), (친구)",,
69d719d7e21b44992e24e349,버거다이브,"기념일에 점심 먹으러 왔는데
맛있고, 깔끔하고, 양도 많고, 넉넉하니 부족함없이 잘 먹었습니다~^^",,다이브 시그니처 버거 세트,4.9.목,1,2053841865,힐링타임32,1,https://pup-review-phinf.pstatic.net/MjAyNjA0MDlfMjE0/MDAxNzc1NzA0NTMzNzg4.XH_p6WqSQ9ApD5PP5r2Ng8lXfzEwG-7Cz-aPRRILl78g.L2wF8rhr2D_fns5y44z-7I3pHHefZt-6u_Y9jGZnWc0g.JPEG/20260409_121241.jpg.jpg | https://pup-review-phinf.pstatic.net/MjAyNjA0MDlfMTgg/MDAxNzc1NzA0NTMzNDE2.BdxohsiV3FnePN_tqisxwljgC00HP9FlI6NkgRUh0Ysg.e9ofSe231yoyQbD32E3RyFx1cIxEd6htBWwHBTFyFU4g.JPEG/20260409_121252.jpg.jpg?type=w1500_60_sharpen | https://pup-review-phinf.pstatic.net/MjAyNjA0MDlfMTE4/MDAxNzc1NzA0NTMzMzE2.SB-CeB1yjpSaxflPrG0O26PgV8F0LtVfFYkiaT_FTOAg.2zUsmCyiU3QnYIA8uDA6sADzcKPhey_xaJvRV7tWd98g.JPEG/20260409_121257.jpg.jpg?type=w1500_60_sharpen,images/2053841865_69_2.jpg | images/2053841865_69_1.jpg | images/2053841865_69_0.jpg,3,"음식이 맛있어요, 재료가 신선해요, 인테리어가 멋져요, 친절해요, 매장이 청결해요","(예약 없이 이용), 대기 시간(바로 입장), (나들이,기념일), (연인・배우자)",,
69d719ce198ab7852d5087ae,버거다이브,"맛있었어서 재방문해요.
저번에 시그니처버거랑  닭강정도 맛있었는데 
오늘 시킨 메뉴인 어니언링도 맛있어요",,다이브 시그니처 버거 세트,4.9.목,1,2053841865,크고 넓게 바라보라70,1,https://pup-review-phinf.pstatic.net/MjAyNjA0MDlfMTY1/MDAxNzc1NzA0NTI1MjUw.dnHExYBmMFiU4sh4P4iiD-hqDzkjudsK16LxDnSamUQg.g4Zpi5YCWFPpbPzLp2RLtZ8ehuMCtfQj2zu_GjWXyh8g.JPEG/20260409_121243.jpg.jpg,images/2053841865_70_0.jpg,1,"음식이 맛있어요, 재료가 신선해요, 양이 많아요","(예약 없이 이용), 대기 시간(바로 입장), (데이트,일상), (연인・배우자)",,
69d7187de7dcad92e80e88d1,버거다이브,입에서 살살 녹아요~ 배달로 시켜 먹어보고 맛있어서 매장도 와봤습니당!! 치킨텐더도 짱!!,,다이브 시그니처 버거,4.9.목,1,2053841865,hal****,1,https://pup-review-phinf.pstatic.net/MjAyNjA0MDlfNTkg/MDAxNzc1NzA0MTg2NjY3.4VX-I5e7HrN5uPRPQFmkT9tDHmY5Lr4wJaS6fIswxx0g.uxA4du-RGSxzehkkDoqDN8XT9LAvLITYiuAUQiyqNP8g.JPEG/FCE1D697-1A50-4F5E-A90E-A9571C4FD37B.jpeg | https://pup-review-phinf.pstatic.net/MjAyNjA0MDlfOTAg/MDAxNzc1NzA0MTg2ODA1.yml8kkWd6Ct-4qEJwye9WtM1-VPW8B1fvaRTBo0NB48g.71y1YIA1plmmxVpD7tIoGEd93hauylo3M1A92OVSg6og.JPEG/0E8A0D33-D1A0-4094-B23A-9B40D7BDEBFE.jpeg?type=w1500_60_sharpen,images/2053841865_71_1.jpg | images/2053841865_71_0.jpg,2,"음식이 맛있어요, 재료가 신선해요, 친절해요, 매장이 청결해요","(예약 없이 이용), 대기 시간(바로 입장), (친목), (지인・동료)",,
69d6486f72868f1ae1c3104f,버거다이브,"너무 맛있고 가성비 너무 좋아요 !!!
감튀도 넘 맛있고 버거도 제 취향
담에 또 올게요 ~!",,스매쉬 버거,4.8.수,1,2053841865,tndk8,1,https://pup-review-phinf.pstatic.net/MjAyNjA0MDhfMTM0/MDAxNzc1NjUwOTI1ODc0.9UZ8CWIMYmlEidJhsnsR_1mOgafmKgDOHP0ZgiG6yBUg.i84DNRKjW5RT0OUaULPO-7J3mBB5mU4g1D2sBvS1b7gg.JPEG/2C967F3E-A7A1-43B3-8E58-49C7589E0CBB.jpeg,images/2053841865_72_0.jpg,1,"음식이 맛있어요, 가성비가 좋아요, 고기 질이 좋아요, 직접 잘 구워줘요, 음식이 빨리 나와요","(예약 없이 이용), 대기 시간(바로 입장), (일상,친목), (친구)",,
69d6485ef4e1270adb38005f,버거다이브,,,스매쉬 버거,4.8.수,1,2053841865,준2343,1,https://pup-review-phinf.pstatic.net/MjAyNjA0MDhfNzAg/MDAxNzc1NjUwOTA4NTM2.BesiuSWQvYrKJpRVQGZH3mAHPNOpwXz7IxhPjNljzwEg.Dc1NyN0dkTRHcsb0xFEIr6Q5af6TchOhav9GpeovWSgg.JPEG/1000026990.jpg.jpg,images/2053841865_73_0.jpg,1,"음식이 맛있어요, 양이 많아요, 가성비가 좋아요, 술이 다양해요, 음료가 맛있어요","(예약 없이 이용), 대기 시간(바로 입장), (친목), (친구)",,
69d5c969487025328f3ff792,버거다이브,너무 맛있어요!,,더블 스매쉬 버거 세트,4.8.수,1,2053841865,ysl****,1,https://pup-review-phinf.pstatic.net/MjAyNjA0MDhfMTE3/MDAxNzc1NjE4NDA3ODAx.7XaLaZ-2-m66mEZc8fp3sfsM5m4uQgoxgRxCVPGDvxAg.DN77pFTzO_GQWJF8CLD3Iotsz7HPSy0KBG4oEP0CHwkg.JPEG/20260408_121931.jpg.jpg,images/2053841865_74_0.jpg,1,"음식이 맛있어요, 재료가 신선해요, 가성비가 좋아요, 친절해요, 매장이 청결해요","(예약 없이 이용), 대기 시간(바로 입장), (일상), (지인・동료)",,
69d5c9e6cc83056c774b89ad,버거다이브,성수동 뚝섬역 일대 제일 맛있습니다. 점심에 배달 시켜도 빨리 오고 매장에는 줄서서 먹어야 합니다. 강추,,더블 스매쉬 버거 세트,4.8.수,1,2053841865,자동완성40,1,https://pup-review-phinf.pstatic.net/MjAyNjA0MDhfOTcg/MDAxNzc1NjE4NTMwODM3.e-cgR2jehSgZghcBDMTSu3To_kZtpKzvlSWb94eLWyMg.ya7_aWWsvy3K76a842QtaMStblD_W4VxZRWfBUwXEFAg.JPEG/84BF41E4-E469-4A69-BA85-10C54CA0B4B9.jpeg,images/2053841865_75_0.jpg,1,"음식이 맛있어요, 재료가 신선해요, 양이 많아요, 인테리어가 멋져요, 매장이 넓어요","(예약 없이 이용), 대기 시간(바로 입장), (친목), (지인・동료)",,
69d5c9566a01135da5720b29,버거다이브,맛있어요~,,더블 스매쉬 버거 세트,4.8.수,1,2053841865,yws****,1,https://pup-review-phinf.pstatic.net/MjAyNjA0MDhfMTY3/MDAxNzc1NjE4Mzg4NTU5.qc4vKT7dJEmBbuy9G_TqVGlD6U97DAPRPoTMdQ52Ifsg.4In2xctUZKrJ0j-_wubM_P0ni6OLQ-rUWakSW9GXFTkg.JPEG/E0845B28-1363-482E-B5B0-4F4FDCAAE52C.jpeg,images/2053841865_76_0.jpg,1,"음식이 맛있어요, 단체모임 하기 좋아요","(예약 없이 이용), 대기 시간(바로 입장), (데이트), (지인・동료)",,
69d5c707f988b479ac09b1bd,버거다이브,저번에 맛있게 목어서 재방문 했어요,,하와이언 버거,4.8.수,1,2053841865,zoz****,2,https://pup-review-phinf.pstatic.net/MjAyNjA0MDhfMjE3/MDAxNzc1NjE3Nzk3NjA4.6JBlEm6rgJ0mMxpN8ZF0ba3LpKpYCrG7mAg9tlo8Ta8g.VtM8n65-R7K1n3FLGKNDj52JqcQoY8C5wx8DYXpcKpkg.JPEG/40E670A7-FD0B-4F49-B103-F5D738BB966A.jpeg,images/2053841865_77_0.jpg,1,"음식이 맛있어요, 인테리어가 멋져요, 친절해요","(예약 없이 이용), 대기 시간(바로 입장), (일상), (혼자)",,
69d5cb9f1a17707c5ba6d693,버거다이브,최근에 먹은 수제 버거 중에 제일 맛있어요!!!! 사장님도 너무 친절하십니당,,베이컨 치즈버거,4.8.수,1,2053841865,JOO178,1,https://pup-review-phinf.pstatic.net/MjAyNjA0MDhfMTAy/MDAxNzc1NjE4OTcyOTM5.0OdTvndD9pFP9KM4F-E9MVeEQd4Nq_3D9rR9q1ZE1dAg.aSQlW-DH4IGaLrW5PDu1hsZHAmuJc90-edVx4ptDhiwg.JPEG/3AF2E96A-650C-40D7-9C39-146916AE3CE7.jpeg,images/2053841865_78_0.jpg,1,"음식이 맛있어요, 재료가 신선해요, 인테리어가 멋져요","(예약 없이 이용), 대기 시간(바로 입장), (데이트,일상), (지인・동료)",,
69d5c413cf24d59f1f5a658f,버거다이브,,,스매쉬 버거,4.8.수,1,2053841865,yokoilove,1,https://pup-review-phinf.pstatic.net/MjAyNjA0MDhfMjIx/MDAxNzc1NjE3MDMzNDIz.bAk_BjjXEFJbd9vs02CaUqjaqKYGxB3_vfmiEdsWrzwg.CBMTKTbU0LgNayFtE7GjQ8GGgb9cXQ3nDvQARXE80NUg.JPEG/IMG_4601.jpeg,images/2053841865_79_0.jpg,1,"음식이 맛있어요, 재료가 신선해요","(예약 없이 이용), 대기 시간(바로 입장), (친목), (친구)",,
69d4febf3f6f91cee913cba3,버거다이브,"시그니처버거
양념맛이 강하지 않아서 본연의맛이 잘 느껴져서 좋아요, 사장님도 친절하십니다",,다이브 시그니처 버거,4.7.화,1,2053841865,minibee,1,https://pup-review-phinf.pstatic.net/MjAyNjA0MDdfMjg4/MDAxNzc1NTY2NTI1ODY4.uSm5bEniRzbv6sPZYMzl-chrkcmGfS-ZALJJQl1Aqiog.PZLeMY2NafnLNEJooHp66OU69MqBy2OoHK1BSrisHAIg.JPEG/B7C7B7E0-3779-45B7-BC14-099661E12DA8.jpeg,images/2053841865_80_0.jpg,1,"음식이 맛있어요, 화장실이 깨끗해요, 혼밥하기 좋아요","(예약 없이 이용), 대기 시간(바로 입장), (데이트), (연인・배우자)",,
69d4fe9c06ab189f12dfe627,버거다이브,너무너무 맛있습니다 수제버거좋아하신다면 추천!!!,,스매쉬 버거,4.7.화,1,2053841865,별헤이는밤,1,https://pup-review-phinf.pstatic.net/MjAyNjA0MDdfMTgy/MDAxNzc1NTY2NDkwNTUy.lykz01UGWhrMP8OjIkcdnJkFeAZgh3ZYVLL-1NnzeMkg.h46l2aQ0vAW9dqJ2Ud0CRJ6doIcHNjpgdINDAg4wdN0g.JPEG/D42AA012-9FDB-4176-844A-F0410C67BE74.jpeg,images/2053841865_81_0.jpg,1,"음식이 맛있어요, 재료가 신선해요, 양이 많아요, 가성비가 좋아요","(예약 없이 이용), 대기 시간(바로 입장), (데이트), (연인・배우자)",,
69d4ea3a544cddecdec18097,버거다이브,버거도 맛있는데 치킨렉이 미쳣슴; 치킨렉 두개 시키세오 스매시버거도 더블로 시키세요,,스매쉬 버거 세트,4.7.화,1,2053841865,강한량,1,https://pup-review-phinf.pstatic.net/MjAyNjA0MDdfMjM0/MDAxNzc1NTYxMjczMTIy.dyMJyyAlkxg8cSSWqyNpbxTDBo4XIcHuOCnRxfZT-NYg.hZGOJ-mWWc-OgAxkiXNn0P48kQqgNfJaZsBauxpjqB4g.JPEG/1833A98F-8D6C-4E59-BD0A-9ABE55E7EBA9.jpeg | https://pup-review-phinf.pstatic.net/MjAyNjA0MDdfMjA1/MDAxNzc1NTYxMjcxMTk5.M01H6AN3jRmXScWW26eUvp2hJGHYVfWRI4CbANXnK60g.-E-kc_af3kySckz3fDFhMq3kflHnmbn-0xEWRJXNPzsg.JPEG/A3F5A911-F1B6-4429-9B30-2DF39D5444E6.jpeg?type=w1500_60_sharpen,images/2053841865_82_1.jpg | images/2053841865_82_0.jpg,2,"음식이 맛있어요, 재료가 신선해요, 양이 많아요, 특별한 메뉴가 있어요, 인테리어가 멋져요","(예약 없이 이용), 대기 시간(바로 입장), (데이트), (연인・배우자)",,
69d4e7a7770f049041beaa6e,버거다이브,우연히 방문했는데 짱짱맛!! 꼭 세트로 시켜서 드세요 저희는 시그니처랑 더블스매쉬먹었어요 추천!!,,더블 스매쉬 버거 세트,4.7.화,1,2053841865,삼십대,1,https://pup-review-phinf.pstatic.net/MjAyNjA0MDdfMTY1/MDAxNzc1NTYwNjEzNTE0.cC0Dwb3fTxI3Lf1Epr57NfHYhnCJ-wi-wQI6fXQfVxAg.7sHne-uyueYcoDXyViQ8Fpsz8Wka9mnqdLe4Z_VbGo0g.JPEG/5ED7BF8C-9146-45D4-A844-FA72699B4265.jpeg,images/2053841865_83_0.jpg,1,"음식이 맛있어요, 재료가 신선해요, 인테리어가 멋져요, 매장이 넓어요, 혼밥하기 좋아요","(예약 없이 이용), 대기 시간(바로 입장), (데이트), (연인・배우자)",,
69d4ca8083442248ddefac98,버거다이브,생각나서 또왔어요 역시 너무 맛있네요! 다음에 또 올게요!!!👍👍,,스매쉬 버거 세트,4.7.화,1,2053841865,mmmm121,2,https://pup-review-phinf.pstatic.net/MjAyNjA0MDdfMTA1/MDAxNzc1NTUzMTUwMzIx.MNrT3rvLfC_HtJqa26aKPEKFhLhocwTFyxy7AdtennUg.jsBN0odfEsXMnZsNqih6xbWpk-lzE0nwQgbeB3-jvGIg.JPEG/B424FBA1-4679-4C42-AAD3-8810A03DCAA9.jpeg,images/2053841865_84_0.jpg,1,"음식이 맛있어요, 특별한 메뉴가 있어요, 재료가 신선해요, 매장이 넓어요","(예약 없이 이용), 대기 시간(바로 입장), (친목), (친구)",,
69d4ca4d5c6793000c38dd52,버거다이브,가게 매장도 깔끔하고 버거가 너무 맛있습니다!!,,베이컨 치즈 버거 세트,4.7.화,1,2053841865,cho****,1,https://pup-review-phinf.pstatic.net/MjAyNjA0MDdfMjU0/MDAxNzc1NTUzMDk5NTcx.U3nEHRxaBJUiKPZhjMcsbY7WT79o_7sSw97XJkDIACAg.Ad9ekJCqT_0V8TJYnZjCMcTITndy3sUPvQzt3XfKdvQg.JPEG/17D46165-1F6F-4BA6-B4F9-912186650DBA.jpeg,images/2053841865_85_0.jpg,1,"음식이 맛있어요, 가성비가 좋아요, 혼밥하기 좋아요, 인테리어가 멋져요","(예약 없이 이용), 대기 시간(바로 입장), (데이트), (연인・배우자)",,
69d4ca387bb3fac6f0758653,버거다이브,너무 맛있슴다,,스매쉬 버거 세트,4.7.화,1,2053841865,uuz****,1,https://pup-review-phinf.pstatic.net/MjAyNjA0MDdfMjcz/MDAxNzc1NTUzMDc4OTkz.kRQ79FpAud9imxXzDyQRx9TFUpKnttgz1yl38xdziVUg.Uaac2U2J6O5L1ybSFx6fxP5GsPwQuCozlYPMir8Y-8Eg.JPEG/B38F04E7-F77F-4F39-89C8-50BA4364AF50.jpeg,images/2053841865_86_0.jpg,1,"가성비가 좋아요, 특별한 메뉴가 있어요, 음식이 맛있어요, 인테리어가 멋져요, 매장이 청결해요","(예약 없이 이용), 대기 시간(바로 입장), (데이트), (연인・배우자)",,
69d4caa890402b3f6dc4ef81,버거다이브,버거 감튀 다 맛있음,,크리스피 핫치킨 버거 세트,4.7.화,1,2053841865,por****,1,https://pup-review-phinf.pstatic.net/MjAyNjA0MDdfMjcy/MDAxNzc1NTUzMTkwNjUy.ARfeS3OELunGCBukcs9yMRCSYsziibRvudYAAhVTyncg.I8b7xMFlLTDioz9XV9-X1X5TY12FKcziuD_iy1XeRccg.JPEG/41809B4C-18F2-4711-BC91-FE4E9A34D45B.jpeg,images/2053841865_87_0.jpg,1,"음식이 맛있어요, 특별한 메뉴가 있어요, 인테리어가 멋져요, 혼밥하기 좋아요, 단체모임 하기 좋아요","(예약 없이 이용), 대기 시간(바로 입장), (친목), (친구)",,
69d49540902b9145f01e1c6c,버거다이브,양 많고 수제라서 완전 맛있어요 색다른 햄버거 맛이에요 !!,,통모짜렐라 치즈스틱,4.7.화,1,2053841865,abc9187,1,https://pup-review-phinf.pstatic.net/MjAyNjA0MDdfMjYg/MDAxNzc1NTM5NTAxODA1.HaOBMBM4tcJ4IZ5iNrO9c0FjcZoW3wj1SQQC7zFlxOgg.5qqrvANucsAvffrd7zsoqhR21Hy9v-fiSbY3Z71l0asg.JPEG/IMG_6880.jpeg,images/2053841865_88_0.jpg,1,"양이 많아요, 음식이 맛있어요","(예약 없이 이용), 대기 시간(바로 입장), (친목), (친구)",,
69d49ae1c78eedabeba34507,버거다이브,닭강정 넘 맛있습니다 사장님ㅠㅠ,,스매쉬 버거,4.7.화,0,2053841865,패트57,1,,,0,"음식이 맛있어요, 양이 많아요, 인테리어가 멋져요, 친절해요","(예약 없이 이용), 대기 시간(바로 입장), (데이트), (연인・배우자)",,
69d4912c17928c25146d8b0a,버거다이브,맛있게 잘 먹었습니다. 밸런스가 좋네요.,,다이브 시그니처 버거 세트,4.7.화,0,2053841865,써니 No32,1,,,0,"음식이 맛있어요, 음악이 좋아요","(예약 없이 이용), 대기 시간(바로 입장), (일상)",,
69d48d66998dc3aeadc56ffb,버거다이브,음식도 맛있고 인테리어도 진짜 예뻐요. 잘먹고 갑니다,,통모짜렐라 치즈스틱,4.7.화,1,2053841865,sbc****,1,https://pup-review-phinf.pstatic.net/MjAyNjA0MDdfNTgg/MDAxNzc1NTM3NTA3MTA2.k7cH_6GdOTeIwF0jG9-4DNwXmqK_QtxvF5XV6kJ6npYg.w6_p-P-THx5s1nTd-SCN8Ex6rxaIaaSMRvnUu5kmz1gg.JPEG/157ADEF9-2658-4CDA-8D59-AC0D36E16DC2.jpeg | https://pup-review-phinf.pstatic.net/MjAyNjA0MDdfNjcg/MDAxNzc1NTM3NTA4NDc5.JdrHnIjG8XKXU_kZgA5b8yDTj_Nw34OHvcBJX3csroog.2VHcV5WC8G-c6xOEksysK0ZWJ7cvqLL_OWwkYTq1A9kg.JPEG/B9011629-DB90-4E05-89B1-1F589CB9926E.jpeg?type=w1500_60_sharpen,images/2053841865_91_1.jpg | images/2053841865_91_0.jpg,2,"음식이 맛있어요, 재료가 신선해요, 특별한 메뉴가 있어요, 인테리어가 멋져요","(예약 없이 이용), 대기 시간(바로 입장), (가족모임), (부모님)",,
69d48530d55d4ce1dea73689,버거다이브,,,다이브 시그니처 버거 세트,4.7.화,1,2053841865,omi****,1,https://pup-review-phinf.pstatic.net/MjAyNjA0MDdfMTM3/MDAxNzc1NTM1NDA3NjEz.R9hg9FTK6TBavexhOY3NrHHs3AtM4uEw0xsKvZB5MVcg.zcJxQFGQIXrxLeVcLcApRGGj5eVXQIJ6-ncHFvRXLS4g.JPEG/2977BB8E-0722-46AF-9330-27234429ADD1.jpeg,images/2053841865_92_0.jpg,1,"음식이 맛있어요, 재료가 신선해요, 양이 많아요, 친절해요","(예약 없이 이용), 대기 시간(바로 입장), (일상), (친구)",,
69d4850e3acc739e3152444c,버거다이브,햄버거 좋아해서 왔는데 넘 맛있어용🌸,,다이브 시그니처 버거 세트,4.7.화,1,2053841865,먹탐지기,1,https://pup-review-phinf.pstatic.net/MjAyNjA0MDdfOTYg/MDAxNzc1NTM1MzcxNTI5.TqTfwJ8hTPVwRp-6q7CMVCfgx9v2-Jiz5LttPD2nXjQg.xod5yIoh4NKMdZN4q7nV7i4MSd3vp40eOGJ4h3m90Xkg.JPEG/D10D71FA-E7FC-4725-8F7B-5E91AC963CA3.jpeg | https://pup-review-phinf.pstatic.net/MjAyNjA0MDdfMTgg/MDAxNzc1NTM1MzcyODYz.b0SpQmbgBPkZOFo4DUbKMBCL-fJY5bZZ24E_RWpcWjgg.IBg3LoDobo38AeSkx_sODlft9tsY9l8Naj4mOLp_IWYg.JPEG/E31D38DA-C7C1-4076-BBE2-900567A4D3B3.jpeg?type=w1500_60_sharpen,images/2053841865_93_1.jpg | images/2053841865_93_0.jpg,2,"음식이 맛있어요, 메뉴 구성이 알차요, 인테리어가 멋져요","(예약 없이 이용), 대기 시간(바로 입장), (친목), (친구)",,
69d481c99ae08fb7cce88c0b,버거다이브,세트메뉴가 알차게 나오네요. 햄버거도 맛있게 잘 먹었습니다.,,스매쉬 버거 세트,4.7.화,1,2053841865,mobilpolice,1,https://pup-review-phinf.pstatic.net/MjAyNjA0MDdfMjEg/MDAxNzc1NTM0NTMwNDg5.bqxFAvGeuqWubcSaQNi9XI7sj6f0xxM3lmm-cOg5c0gg.kQSUFCy5rBtEDT6pWDyRS9j0OBzfLnCKV2oSbjG44Mkg.JPEG/13588DE4-F2C3-4731-A49E-1EA1B6927F7C.jpeg | https://pup-review-phinf.pstatic.net/MjAyNjA0MDdfMjk3/MDAxNzc1NTM0NTMwNzM1.xzHD6q8iNLBmNlKphCEao2SC3T8jhMqzEoogZraNVZIg.HYAM4KFGtrjAKzkRl_rxRm_GkZMAPRwYhNLTf7oyiHUg.JPEG/52AF1B88-4E9D-4338-8167-46779E0602A0.jpeg | https://pup-review-phinf.pstatic.net/MjAyNjA0MDdfMjk2/MDAxNzc1NTM0NTMwNjc0.OoKhnnO9MkDwkRnSGZTa4dhKuIbInL6t7hdv8WwHBh0g.ZVqkYq2RFWFwA5PUjM2v33SxonIlVtP6q8WNG62Qm-Ug.JPEG/F3EB7351-F254-46B2-AA78-EB16AB1B0C2E.jpeg | https://pup-review-phinf.pstatic.net/MjAyNjA0MDdfMjMz/MDAxNzc1NTM0NTMxNzU5.N9wi_dU_q27nSyRU62hhsVWS-D1iK3FDLQOo0VymQiUg.sEYvYmZ6sEHHexAtPA_eGhEb6ZwEB9OSpWL06C_QKXQg.JPEG/D1113829-671F-4CC5-9EC2-3D73EBC67ACC.jpeg?type=w1500_60_sharpen | https://pup-review-phinf.pstatic.net/MjAyNjA0MDdfMTc2/MDAxNzc1NTM0NTMzMDUz.FKKLpd9SUH-NryT3Po9d2H1NQplwDo9l-SiKFg3D9uog.Clw-Bv2zo9zrbGoSVQWJNWyZO76jpQSj38N8JY_dCmgg.JPEG/659E5259-540B-42FC-9A0F-5B15B290214F.jpeg?type=w1500_60_sharpen,images/2053841865_94_2.jpg | images/2053841865_94_3.jpg | images/2053841865_94_1.jpg | images/2053841865_94_0.jpg | images/2053841865_94_4.jpg,5,"음식이 맛있어요, 재료가 신선해요, 가성비가 좋아요, 혼밥하기 좋아요","(예약 없이 이용), 대기 시간(바로 입장), (일상,친목), (지인・동료)",,
69d4787de9f71a61c3e1a10e,버거다이브,"시그니처 너무 맛있어요
다음에 또 오고 싶어요",,다이브 시그니처 버거,4.7.화,1,2053841865,홍이z,1,https://pup-review-phinf.pstatic.net/MjAyNjA0MDdfMjkz/MDAxNzc1NTMyMzIyOTE0.gNQX1WvMQ8EsHAcPEGI-0UtiJbJAAUgg7Tu6xcirA0wg.YXC3oGw8bvG61ppLLFoNvuT79tKxa5P_iPIDoZiM8Bkg.JPEG/20260407_122405.jpg.jpg,images/2053841865_95_0.jpg,1,"음식이 맛있어요, 인테리어가 멋져요","(예약 없이 이용), 대기 시간(바로 입장), (친목), (지인・동료)",,
69d478fa12aa68db134b6c4d,버거다이브,"다이브 시그니처 세트에 사이드를 치킨렉으로 변경해서
동료들과 점심식사 즐겼어요.
패티는 쥬시하고 빵 겉면은 바삭하고 속은 부드럽네요",,다이브 시그니처 버거,4.7.화,1,2053841865,박지훈86,1,https://pup-review-phinf.pstatic.net/MjAyNjA0MDdfMTYx/MDAxNzc1NTMyMjgwNDIy.H9I4DNPJzUEYuvjhjbKq4VIDWJORuvZ7MDpyqZTEF6Ug.pBBNdzW0U4KJonrgNgSX6hq5x6CB7SN8mJRtFHdcrtgg.JPEG/1000005234.jpg.jpg,images/2053841865_96_0.jpg,1,음식이 맛있어요,"(예약 없이 이용), 대기 시간(바로 입장), (친목), (지인・동료)",,
69d478d71203fb591199d6db,버거다이브,"가격대는 조금 있지만 맛있어요!!
새로운 햄버거 매장이 생겨서 좋네요~",,다이브 시그니처 버거,4.7.화,1,2053841865,sysdate,1,https://pup-review-phinf.pstatic.net/MjAyNjA0MDdfMTQz/MDAxNzc1NTMyMjQ1MjMz.VLq5K-EKiyS5A55sCnvBeJLbsUHyQ5FWb2CiVaq8ftsg.AFWKpUYTchQLgLo4iOdCuDuCx2BE4dvVRShS9-5XSDEg.JPEG/1000073309.jpg.jpg,images/2053841865_97_0.jpg,1,"음식이 맛있어요, 재료가 신선해요, 특별한 메뉴가 있어요","(예약 없이 이용), 대기 시간(바로 입장)",,
69d47da0767ce470ec904db4,버거다이브,햄버거 엄청 푸짐하고 야채가 신선해서 좋았어요 고기 패티도 맛있고 치킨텐더는 꼭드세요 바삭하고 촉촉하고 퀄리티 대박입니다 👍🏻👍🏻,,다이브 시그니처 버거,4.7.화,1,2053841865,shu****,1,https://pup-review-phinf.pstatic.net/MjAyNjA0MDdfNDMg/MDAxNzc1NTMzNDcxMTQz.Q73QepBPF5V1VMWRuY2NHbRChqf0539x0Mh-Rh660iYg.me2atkHVXUVvR5TdcfS9grH4B6kaIUdXGtDjEvfyRRwg.JPEG/1B934629-FA26-4142-A72A-7CA46C6A17C4.jpeg | https://pup-review-phinf.pstatic.net/MjAyNjA0MDdfMTE0/MDAxNzc1NTMzNDY4OTIw.6YE1YBlcqKpCo75MYUjjIaD7swuDxLc4uZ1OOhYZHF0g.BvppByRVUEqCg3i1re-YoNLWJW4T58x46ekHDeWqj-Mg.JPEG/7E01F621-9738-4042-AFE6-C51B2D1BE2DC.jpeg?type=w1500_60_sharpen | https://pup-review-phinf.pstatic.net/MjAyNjA0MDdfMjYy/MDAxNzc1NTMzNDcwMTg3.MIpyn5lhvu32X_y6Z7-ee5Ax8B51zko_hvVF7R9h29Eg.UYDjIg9bNI792TMeeZDXApIbdXSuuiVy-6Nnzajxx_Qg.JPEG/97A836F6-289A-4635-B414-B040F029911D.jpeg?type=w1500_60_sharpen,images/2053841865_98_1.jpg | images/2053841865_98_2.jpg | images/2053841865_98_0.jpg,3,"음식이 맛있어요, 재료가 신선해요, 특별한 메뉴가 있어요, 비싼 만큼 가치있어요","(예약 없이 이용), 대기 시간(바로 입장), (일상), (지인・동료)",,
69d477df1fa8741d6b5e2d21,버거다이브,음식 빨리 나오고 맛있어요~!  근처 방문하시면 꼭 드세요!!,,스매쉬 버거 세트,4.7.화,1,2053841865,수263,1,https://pup-review-phinf.pstatic.net/MjAyNjA0MDdfMTMw/MDAxNzc1NTMxOTk2OTIy.GPV4dTQpx9bVDRURFhxZmCh2l6iBgV0wKsWLMwYPXGIg.yXh2jc9RIAmFEBIYssv9gPkMXcumUUsjRenXBnwiku0g.JPEG/20260407_121921.jpg.jpg,images/2053841865_99_0.jpg,1,"음식이 맛있어요, 매장이 넓어요, 인테리어가 멋져요","(예약 없이 이용), 대기 시간(바로 입장), (지인・동료)",,
69dcb6ecfcd3279b362fc282,쉘터버거 목동,"강아지와 들어갈 수 있어서 산책후 집들어가기전
포장 넘 좋습니다.
햄버거 먹고싶을때 집1분 거리 맛있는 수제버거집이
있어서 넘 좋네요!!
직원분들도 다 좋으시고 햄버거와 감튀도 이주 맛있어 만족합니다 양도 배 넘 부릅니다 
아보카도버거 추천!!",,,4.13.월,1,1444469421,권혁코코,1,https://pup-review-phinf.pstatic.net/MjAyNjA0MTNfMTQ4/MDAxNzc2MDcyNDI2OTYx.lt_5A4YeczO1qFO6530qfjZmPULqCbvTawoqgxunxlQg.dDBatrCUuDuQfdNhFZRW1mRRd3IPkiKk7Wirj3TDe5og.JPEG/231A9C3D-9EF5-43E0-AF0B-CA29055EDB17.jpeg | https://pup-review-phinf.pstatic.net/MjAyNjA0MTNfMTQz/MDAxNzc2MDcyNDI2OTYw.tr5e0VGDlx1F0Ju7wTn3LiHO-P7P4H_H6Vt_xBmO0Usg.q_WQZcJX1EM4yKOfGomJjZWDHRm-2gqLmeH3GWm4V5Ig.JPEG/204B7DC4-BFAA-4F64-A177-839E004F7497.jpeg?type=w1500_60_sharpen | https://pup-review-phinf.pstatic.net/MjAyNjA0MTNfMjc2/MDAxNzc2MDcyNDI2OTQ4.3m-kZu926px_wGI772Vr2EHbP7dHAJQfJCVKKepDYK8g.B9ppPSsmbW7piuxRnbzeMJ0B-XxQEBBd5WHmISdn9Qcg.JPEG/3F07E378-CCB4-4ADF-9807-0D37A970772B.jpeg?type=w1500_60_sharpen,images/1444469421_0_2.jpg | images/1444469421_0_1.jpg | images/1444469421_0_0.jpg,3,"음식이 맛있어요, 양이 많아요, 음식이 빨리 나와요, 반려동물과 가기 좋아요, 포장이 깔끔해요","(예약 없이 이용), 대기 시간(바로 입장), (일상), (반려동물)",,
69da14d47f12dd24c22328a8,쉘터버거 목동,오랜만에 수제버거가 먹고 싶어서 찾아 보다가 좋은 후기가 많길래 네이버로 포장 주문해봤어요! 재료도 신선하고 아보카도가 많이 들어가 있어서 너무 맛있게 먹었어요! 다음에는 방문해서 다른 메뉴도 먹어봐야겠어요 :),,아보카도버거,4.11.토,1,1444469421,SUZAK55,1,https://pup-review-phinf.pstatic.net/MjAyNjA0MTFfMjEz/MDAxNzc1ODk5ODU4ODc2.uytpV05uAjaOWrM4qlLtx6vXmCFZZdNu3tFmG55pKJAg.1SJVA26t-gMsccJDir-DBHZNbAK1BjAAbO8cmyu4JYUg.JPEG/D5673D0E-5E7E-41C0-80DA-2525C1033EBF.jpeg,images/1444469421_1_0.jpg,1,"음식이 맛있어요, 재료가 신선해요, 인테리어가 멋져요, 매장이 넓어요, 매장이 청결해요","(포장·배달 이용), 대기 시간(바로 입장), (일상), (혼자)",,
69d8c871df6dcf8795cb04c5,쉘터버거 목동,"아보카도 버거 너무 맛있어요~
갈때마다 더더 맛있어지는 느낌이에요 ㅎㅎ
잘 먹었습니다~~",,아보카도버거,4.10.금,1,1444469421,토레토4,2,https://pup-review-phinf.pstatic.net/MjAyNjA0MTBfMTgy/MDAxNzc1ODE0NzY2ODc0.cTqjW7MW952NqLPqtXBWJbNVtCvh1NFekhf2qUQwhTog.jLfarO-F7cWD3vV0zTwniyAawkUUBwej8SwYmYFyefIg.JPEG/1000016631.jpg.jpg,images/1444469421_2_0.jpg,1,"음식이 맛있어요, 재료가 신선해요, 가성비가 좋아요",(포장·배달 이용),,
69d4d5cc8f45682a91922bbc,쉘터버거 목동,"너무 맛있어요! 
동네에 이런곳이있다니 ㅜㅜ몰랏어요
재방문의사 10000%%",,(B)더블치즈버거,4.7.화,1,1444469421,hyobinyou,1,https://pup-review-phinf.pstatic.net/MjAyNjA0MDdfMTk5/MDAxNzc1NTU2MDQyNzA1.tr-6MlsnkdA8VnZ5Qe9GtHjqhhrqJcvU3rokG46ZuB4g.-nIMKMw1AyYsOvXZ3ZFT5L_0ZwDp1UKkJmczzxzi0eAg.JPEG/D5C13845-2C76-4F31-AA31-8AE635A2D7A9.jpeg | https://pup-review-phinf.pstatic.net/MjAyNjA0MDdfMjkx/MDAxNzc1NTU2MDQyMDQ5.QkDIFLCJUMDdjBQXJ8Qra51nfO-uN56Fefhg3teOU98g.IwOwl1ch8_VM1qS_uAee0ajdMKM088J7WzfW57dj5CQg.JPEG/7C4D8B8D-51F1-4344-86CF-2D8671994307.jpeg?type=w1500_60_sharpen,images/1444469421_3_1.jpg | images/1444469421_3_0.jpg,2,음식이 맛있어요,"(예약 없이 이용), 대기 시간(10분 이내 ), (데이트), (연인・배우자)",,
69d4847c6ddb6d9e0b90c9b1,쉘터버거 목동,"분위기 좋고 넘 맛있어요 
멀리서 온 보람있네요",,(S)아보카도버거,4.7.화,1,1444469421,mil****,1,https://pup-review-phinf.pstatic.net/MjAyNjA0MDdfMjIw/MDAxNzc1NTM1MjI2MzE3.4IHdBKCjO3QKxvkdh2TkoaudDIv3zewFhcpzB0wuxbYg.K3TVg9O2oUXpZNWAJhzYkjJcWo7hcp32bRDe6aS2_kQg.JPEG/2906D729-FF09-4691-9641-3B20EF9A8306.jpeg,images/1444469421_4_0.jpg,1,"음식이 맛있어요, 인테리어가 멋져요, 매장이 넓어요","(예약 없이 이용), 대기 시간(바로 입장), (일상), (지인・동료)",,
69d08d0cdcdf1702821c9d43,쉘터버거 목동,꽤 맛있음!!! 제대로 하는 집인가봄,,(S)아보카도버거,4.4.토,1,1444469421,jh****,1,https://pup-review-phinf.pstatic.net/MjAyNjA0MDRfNzcg/MDAxNzc1Mjc1Mjc1MTgz.1IOw7gzcrp3zDCARSPNFqD5z09rk7nHpWf_upF5EjQIg.sh40dkbcJcIH5F1zYKPyjhy3jAglMZvYG4WNmhUk42Eg.JPEG/D673CFF9-8C4E-463F-9ED9-4DB572B62AF4.jpeg,images/1444469421_5_0.jpg,1,"음식이 맛있어요, 인테리어가 멋져요, 친절해요","(예약 없이 이용), 대기 시간(바로 입장), (친목), (친구)",,
69d39553799fb1a3ca0a6b40,쉘터버거 목동,쉘터버거 처음 가보는 곳인데 햄버거 맛이 정말 좋았습니다. 아이들도 좋아해서 뿌듯했어요. 그리고 내부 인테리어도 이국적이어서 마치 해외여행 와서 버거맛집을 찾아간 기분이었습니다. 깨비시장 근처에 이렇게 맛있는 버거집이 있는 줄 몰랐네요. 조만간 또 먹으러 가겠습니다.,,(B)하와이안버거,4.6.월,1,1444469421,opraseno87,1,https://pup-review-phinf.pstatic.net/MjAyNjA0MDZfMTI2/MDAxNzc1NDczOTk5OTIw.AMefcrF6TyY8jGDotsddnJRHnueDleRPG_HaTTAj9UYg.kLpDAx024-b0n1ZA4DC2Vjgn29rVu6FaCW2IlGLKniMg.JPEG/284232B9-BEAE-4344-AD0A-9529B289E12C.jpeg | https://pup-review-phinf.pstatic.net/MjAyNjA0MDZfNSAg/MDAxNzc1NDc0MDAwMDAx.S-3luUj3086HtA1XV0lSgwcUIcINgwUuJEZaoVhIt8Mg.ycBOuyg92iNT2O3PV_HGppnwRAXpYx5KOP3vGqW0rPkg.JPEG/D4BF1EC3-690C-4195-BF57-59E38B3546A1.jpeg?type=w1500_60_sharpen | https://pup-review-phinf.pstatic.net/MjAyNjA0MDZfOTIg/MDAxNzc1NDczOTk5NTI1.5Uvq22QouhMNRxfK9wFrVQtBVxAGGqtD_qJdCixRA-Qg.OQd60r0R7mNXZ9COM8t2ICqJ7X3HzoPgYP2-RT0vpuog.JPEG/EDD69F2A-DA1B-493B-9F00-B19566CB29F6.jpeg?type=w1500_60_sharpen | https://pup-review-phinf.pstatic.net/MjAyNjA0MDZfMTI5/MDAxNzc1NDc0MDAwMTUy.qGab1Wjf2FCkaXODQsKxBz-dclhz9IO6dZaCDdiDPJIg.vjs98sptYtf1Ux_nEcqOKGIHXSK1P2LXVJZwL057ozEg.JPEG/6D29D34A-A17F-4454-9110-0982280833AE.jpeg?type=w1500_60_sharpen,images/1444469421_6_1.jpg | images/1444469421_6_2.jpg | images/1444469421_6_3.jpg | images/1444469421_6_0.jpg,4,"음식이 맛있어요, 재료가 신선해요, 인테리어가 멋져요, 좌석이 편해요, 아이와 가기 좋아요","(예약 후 이용), 대기 시간(바로 입장), (가족모임), (아이)",,
69cde086827451f1ea476473,쉘터버거 목동,동네에 이런 곳이 있는지 몰랐네요 정말 너무너무 만족스럽습니다,,(S)아보카도버거,4.2.목,1,1444469421,SuperMess,1,https://pup-review-phinf.pstatic.net/MjAyNjA0MDJfMTYw/MDAxNzc1MDk5OTUxNjI1.gw0b4u8PQNyCUH3N-SF1ybOZQOx2oL3aWuswYYrQLYcg.rFCNt7ytp4Wz8PwUw7FNyHE4qHwvsI1WQ7pMuSD2jk0g.JPEG/20260402_110747.jpg.jpg | https://pup-review-phinf.pstatic.net/MjAyNjA0MDJfODEg/MDAxNzc1MDk5OTUxMzU4.Q0Iiw7FHgQfPofLJ-5GZmjudsULMGzmnRnecwu29RVQg.0hmwIz_hmws7q9d50Tr76ouaOWz6V0GgTnAK7ND8x94g.JPEG/20260402_110750.jpg.jpg?type=w1500_60_sharpen,images/1444469421_7_1.jpg | images/1444469421_7_0.jpg,2,"음식이 맛있어요, 양이 많아요, 재료가 신선해요, 특별한 메뉴가 있어요","(예약 없이 이용), 대기 시간(바로 입장), (친목), (지인・동료)",,
69cb4dd0e420de68d0db63a3,쉘터버거 목동,매장 힙하고 수제버거넘맛나요!!!!!,,(S)아보카도버거,3.31.화,1,1444469421,jjjaaaaa,1,https://pup-review-phinf.pstatic.net/MjAyNjAzMzFfMjAy/MDAxNzc0OTMxNDA2MzUz.D7WirVWezd02iWmWxuA40tx66i8r9P_5IUxK4PmvmlQg.AzhABbVq4GhdQp5pGv5lngHLaRDue8cxiwhubxCFpwkg.JPEG/D30647CB-9D2F-419A-B43C-BDFE551C91D2.jpeg,images/1444469421_8_0.jpg,1,"음식이 맛있어요, 재료가 신선해요, 인테리어가 멋져요, 매장이 넓어요","(예약 없이 이용), 대기 시간(바로 입장), (데이트), (연인・배우자)",,
69cb48674374aba46139ca90,쉘터버거 목동,엄청 맛있어요~~~!!,,(S)베이컨치즈버거,3.31.화,1,1444469421,har****,1,https://pup-review-phinf.pstatic.net/MjAyNjAzMzFfNzIg/MDAxNzc0OTI5ODg5NjI0.VX-9irway_RiR7gmYoWeJfgmskTQAABWs4v86DURZnkg.wN_Ud64XKSEulLXUcesWYGxJEicOaQe2q032q4SjF9Ig.JPEG/IMG_9603.jpeg | https://pup-review-phinf.pstatic.net/MjAyNjAzMzFfMjYz/MDAxNzc0OTMwMDE1ODQ3.i0XAQWt_EL7i_cHU4lYKWL6ONrGHyADcwfKF-YVHt04g.7MBNPt-nQccv0KrPb3jTVddcEKUdwP6PtXNo5gCMXV0g.JPEG/image.jpg?type=w1500_60_sharpen,images/1444469421_9_1.jpg | images/1444469421_9_0.jpg,2,"음식이 맛있어요, 재료가 신선해요, 인테리어가 멋져요, 매장이 청결해요","(예약 없이 이용), 대기 시간(바로 입장), (친목), (친구)",,
69cb48d79f322ef364e48ea0,쉘터버거 목동,치킨버거가 맛있어요~~ 치즈프라이도 고소하고 좋아요,,,3.31.화,1,1444469421,반짝반짝3472,1,https://pup-review-phinf.pstatic.net/MjAyNjAzMzFfNTMg/MDAxNzc0OTMwMTMzNzQ5.laDy_TC4OBwRxYMEts0mhn_SBPK4JDAOjOq_wWjiN7wg.brfvvohC5gbQ9zyZDx1UvXFjwuvz7Xs0powLP_bnm4Mg.JPEG/1000120976.jpg.jpg,images/1444469421_10_0.jpg,1,"음식이 맛있어요, 재료가 신선해요, 특별한 메뉴가 있어요, 인테리어가 멋져요, 친절해요","(예약 없이 이용), 대기 시간(바로 입장), (친목), (친구,지인・동료)",,
69cb4891ac2270e0f0880e7c,쉘터버거 목동,가격이 좀 있지만 수제버거 다운 퀄리티입니다! 감자튀김도 맛있습니다.,,(S)치포틀치킨버거,3.31.화,1,1444469421,jbs****,1,https://pup-review-phinf.pstatic.net/MjAyNjAzMzFfODAg/MDAxNzc0OTMwMDYzNjA2._m0WMIxEPzEa0Pn2ZadDUVuyNpzSSH6_8MyW29toGBUg.CsG8YF9WWNX-bFoGeZE6ClU2OPXjjssrqhjL-8TL7rYg.JPEG/B7A99087-8A57-4CB6-93E1-7699330E3E44.jpeg,images/1444469421_11_0.jpg,1,"음식이 맛있어요, 재료가 신선해요, 매장이 넓어요, 인테리어가 멋져요","(예약 없이 이용), 대기 시간(바로 입장), (친목), (지인・동료)",,
69ca391d06afaff276f7368a,쉘터버거 목동,"등촌동에 이런 수제버거집이 있다니
시장 안에 꼭꼭 숨어있어서 몰랐어요
진짜 존맛❤️❤️",,(S)베이컨치즈버거,3.30.월,1,1444469421,snk****,1,https://pup-review-phinf.pstatic.net/MjAyNjAzMzBfNTYg/MDAxNzc0ODYwNTcxMjI1.IklkDjAB4BL2lo5WrRvd9jbtpDLM0dC7mTBhbPsOvvIg.9QTwQEeJ7u2v1sQwYr-3t0JfWzJNzGUHmPcSHBqiifYg.JPEG/20260330_174743.jpg.jpg,images/1444469421_12_0.jpg,1,"음식이 맛있어요, 인테리어가 멋져요, 친절해요, 매장이 청결해요","(예약 없이 이용), 대기 시간(바로 입장), (친목), (친구)",,
69ca0787057e443b94ecad3f,쉘터버거 목동,너무 맛잇어요 맥주가 땡기는 맛이네요... 다음에는 저녁에 와서 맥주랑 같이 먹어야겠어요... 동네에 이런곳이 있는줄 몰랐네요... 여의도 수제버거 맛집 이런데보다 훨씬 맛있어요...,,(B)아보카도버거,3.30.월,1,1444469421,늰늰늬,1,https://pup-review-phinf.pstatic.net/MjAyNjAzMzBfMTMz/MDAxNzc0ODQ3ODc4MjE0.ophlmxZ2xypP9Lb9RLSkBnbaNj_24nHTE9gdi-rInkEg.EgvEN9qTmEK9uJLxve-5xd0gGb5csUTDqKRugdBRWbAg.JPEG/13437.jpg.jpg | https://pup-review-phinf.pstatic.net/MjAyNjAzMzBfMjEx/MDAxNzc0ODQ3ODc4MDk1.t9ewWIm9AqqPOlTJ3w6BubB80EJ5YOEmnBukFJIZl2Ag.Yxe4u1nu8XY_zka3POZgu8u6HT_T963oFoZ7c4MExycg.JPEG/13436.jpg.jpg?type=w1500_60_sharpen,images/1444469421_13_1.jpg | images/1444469421_13_0.jpg,2,"음식이 맛있어요, 비싼 만큼 가치있어요, 음악이 좋아요, 혼밥하기 좋아요, 인테리어가 멋져요","(예약 없이 이용), 대기 시간(바로 입장), (일상), (혼자)",,
69c7a3e932506663d9e0d62e,쉘터버거 목동,"저보다 아이가 더 좋아하는 쉘터버거!
아빠랑 와봤는데 너무 맛있었다고 해요
오늘은 엄마랑 왔습니다
친절하고 버거도 너무 맛있네요 ㅎㅎ",,(B)베이컨치즈버거,3.28.토,1,1444469421,황주부,1,https://pup-review-phinf.pstatic.net/MjAyNjAzMjhfMTYx/MDAxNzc0NjkxMzAyOTIz.xjhlnveBC3wsa-Lqrv9a4hvCsjBZTF0jNvLoY37zKYog.6KlWAE8EinVPs5VRp4ARrgNz0d-u11-HCeQ2x08gOAsg.JPEG/8A76B7E6-763F-41DC-B54E-6834DC606013.jpeg | https://pup-review-phinf.pstatic.net/MjAyNjAzMjhfMTcx/MDAxNzc0NjkxMzAzMDA4.pX0hIlVoHUcrARQJW9Ic_rkgbH-rr5XR5x7Tx6eu5k4g.OmHAZA1QkgdhhpAyKlWLgQ1RNDKZbKlCb-p-V6hujPMg.JPEG/EDB24052-23A9-4483-B109-B0C42ED26FE5.jpeg?type=w1500_60_sharpen,images/1444469421_14_1.jpg | images/1444469421_14_0.jpg,2,"음식이 맛있어요, 재료가 신선해요, 가성비가 좋아요, 인테리어가 멋져요, 아늑해요","(예약 없이 이용), 대기 시간(바로 입장), (데이트), (아이)",,
69c7ed4ea483acc2bb632a6e,쉘터버거 목동,"인스타 알고리즘에 종종 떠서 늘 궁금했는데, 마침 서울 방문할 일이 있어서 가보게 되었네요.
들어오자마자 활기찬 음악과 직원들의 인사가 손님을 반겨줍니다. 우드톤과 붉은 색의 인테리어가 멋진 조화를 이루었어요.
아보카도가 들어간 햄버거는 생소해서 주문했는데, 대성공적이었어요. 아보카도가 육즙 머금은 패티와 이렇게 잘 어울릴 줄은 전혀 예상 못했습니다. 한동안 수제버거 하면 아보카도만 생각날 것 같네요.
그동안 많은 수제버거들을 먹어왔지만 개인적으로는 이곳이 제일 기억에 남습니다. 다음 서울 방문 때에도 재방문할 것 같아요.
속이 알차고 푸짐한 수제버거 덕에 아주 만족스러운 식사였습니다👍",,(S)아보카도버거,3.29.일,1,1444469421,냥이알러지,1,https://pup-review-phinf.pstatic.net/MjAyNjAzMjhfMTM5/MDAxNzc0NzA5NDkwOTEz.LkS7tikC3xwsbPi6U575PGVzzf4NmNBsbnC5GnIU1Ywg.BXvQzl6jm8PrxfJ4ziWFUfpAu9PN8msWT30R8KTroIEg.JPEG/IMG_9003.jpeg,images/1444469421_15_0.jpg,1,"음식이 맛있어요, 친절해요, 좌석이 편해요, 혼밥하기 좋아요, 인테리어가 멋져요","(예약 없이 이용), 대기 시간(바로 입장), (여행), (혼자)",,
69c75096e5f8c9725fa8bb4d,쉘터버거 목동,수제버거 구성이 알차고 너무 비싸지 않고 가성비 굿 👍👍👍 인테리어도 느낌있고 주말 점심 강추해요!!🩷💜🩷,,(B)치즈버거,3.28.토,1,1444469421,허당토끼,1,https://pup-review-phinf.pstatic.net/MjAyNjAzMjhfMjgw/MDAxNzc0NjY5OTcxOTc0.7zvBGlyq0GlytOgyJ9zMOTbRMafce6t9QSqK0RLXSKUg.FAsg53BvEDguBf3xQ9DKPBHeDyEyLsKpMRbJBJzfG-Ig.JPEG/20260328_123812.jpg.jpg | https://pup-review-phinf.pstatic.net/MjAyNjAzMjhfMTYx/MDAxNzc0NjY5OTcyMDU0.NLRpG4piu-RqpmTHz0rpXqQV9xfC2PpjZyoQinX526kg.w-o1oJgOQYBmoeXg8_rPuIq470r_VFFYixiUIV3zSIMg.JPEG/20260328_124603.jpg.jpg?type=w1500_60_sharpen | https://pup-review-phinf.pstatic.net/MjAyNjAzMjhfMTE1/MDAxNzc0NjY5OTcxMzA3.aQLbBb8tWTOTI19au7-xH1rEiq87tR7Yy9cOsIpR0Log.lERmi-E9r01Da2lnkjgducFBZpgkep5dNCg-K5kDXSsg.JPEG/20260328_124608.jpg.jpg?type=w1500_60_sharpen | https://pup-review-phinf.pstatic.net/MjAyNjAzMjhfMTAx/MDAxNzc0NjY5OTcyMTU2.X0IjwYcI4vDU3iiH8NI6oq6_wxEyYNm4odCP7MM9xfsg.BR4X6m_KrukBypehOLi4zs2-rTJsVULQDCTXBIlsmcgg.JPEG/20260328_123805.jpg.jpg?type=w1500_60_sharpen,images/1444469421_16_2.jpg | images/1444469421_16_3.jpg | images/1444469421_16_1.jpg | images/1444469421_16_0.jpg,4,"음식이 맛있어요, 메뉴 구성이 알차요, 인테리어가 멋져요, 친절해요","(예약 없이 이용), 대기 시간(바로 입장), (데이트), (연인・배우자)",,
69c4f9af7f59674c9bdd4029,쉘터버거 목동,"갑자기 버거가 너무 땡겨서 방문했는데 진짜!! 맛있어요.. 패티 육즙 대박이고.. 치킨 버거는 완전 겉바속촉하고.. 아보카도도 풍미 좋고.. 피클도 맛있고 ㅠㅠ
분위기도 좋고 친절하셔서 강추해요!!",,(B)치포틀치킨버거,3.26.목,1,1444469421,쩝쩝바보,1,https://pup-review-phinf.pstatic.net/MjAyNjAzMjZfMjUw/MDAxNzc0NTE2NjUzNzYz.DCbtKmEi1O6fCalRXcYCiGRjbrenhEdcJJBK6j6uLJkg.7z-1rljEkuGuyyVfCGugfO8hYPJc1bQJU1nSeBhvoGEg.JPEG/1ED6134D-081A-4051-A352-9ED0B89B95A0.jpeg | https://pup-review-phinf.pstatic.net/MjAyNjAzMjZfMTIw/MDAxNzc0NTE2NjQ0OTMz.9H_V5IgkRzS8vTPQ7jt9TrSMxYRvyZmXJcS8M_PMoSgg.o-5RHd_mvLMH9p0NWQdjT7hPjYaulIhl1506qYIGNywg.JPEG/C38AC7B1-595A-4897-BFA0-9028758E3A45.jpeg?type=w1500_60_sharpen | https://pup-review-phinf.pstatic.net/MjAyNjAzMjZfMTc4/MDAxNzc0NTE2NjQ5OTc3.n9SOILiggw7LHYLClBUFa_YxGTFY7LW01FH3pkrmX5kg.5mVTjsxkBa0LU7RVwte_8YuGNNknNEd2Wgn7cpXz-Xwg.JPEG/1A03BC71-E8B3-409F-B8BC-14E76C8553D4.jpeg?type=w1500_60_sharpen | https://pup-review-phinf.pstatic.net/MjAyNjAzMjZfMjA0/MDAxNzc0NTE2NjQyNDM0.I0tVNAouPRWfGq7sZO7pgMpbN3qmVh1FfSVvL2ZtTPUg.dHgK8AX4b5V8LNw6xA02R_DX5QWWGkicM2bHUfHW96Ig.JPEG/57BD3B65-AED9-49B8-9879-F23850932E93.jpeg?type=w1500_60_sharpen | https://pup-review-phinf.pstatic.net/MjAyNjAzMjZfMTgx/MDAxNzc0NTE2NjQ2OTUy.lSsqTslFBwQgdH_AtYyRO_AWQqOiMh2o3kqgABUgsc8g.tGB6Y_FvQYMvL-b3SnoFrXV0bM3qz8dgDKrhT-k4yoEg.JPEG/C351B578-1524-4D8F-8241-5B6E310BD1BE.jpeg?type=w1500_60_sharpen,images/1444469421_17_2.jpg | images/1444469421_17_1.jpg | images/1444469421_17_4.jpg | images/1444469421_17_3.jpg | images/1444469421_17_0.jpg,5,"음식이 맛있어요, 재료가 신선해요, 특별한 메뉴가 있어요, 인테리어가 멋져요, 친절해요","(예약 후 이용), 대기 시간(바로 입장), (친목,나들이), (친구)",,
69c3aafd9dffa0e18495aa07,쉘터버거 목동,쉘터버거 목동의 소문난 수제버거 집이죠. 오늘은 휴가라 평일에 갔더니 여유있게 입장했습다~,,(S)베이컨치즈버거,3.25.수,1,1444469421,망구스10,1,https://pup-review-phinf.pstatic.net/MjAyNjAzMjVfNDYg/MDAxNzc0NDMwOTcxNzc5.ZUE_r_VdMtClJ4SfO6QinuYjU3mWtCooQuVXsPpfdyMg.BF1TFV_bkyuTdPJVkhfEjMzLoDRArA8VgQy7G4FAMYAg.JPEG/EEDB2EAD-A055-4D78-8FD4-7523626912E5.jpeg | https://pup-review-phinf.pstatic.net/MjAyNjAzMjVfMTMz/MDAxNzc0NDMwOTY5Mzky.oa4q0sFSxV5xHM9mBmWbK3E-y2qq34B6KlrdZ_ufvKcg.U5PPpafBG-kIStoNKCEYzZFjOJICSwK8D2NOmhoPG2Eg.JPEG/2C2CAABC-59FE-42F6-A834-8A4D0EB63CF2.jpeg?type=w1500_60_sharpen,images/1444469421_18_1.jpg | images/1444469421_18_0.jpg,2,"음식이 맛있어요, 재료가 신선해요, 인테리어가 멋져요, 매장이 넓어요","(예약 없이 이용), 대기 시간(바로 입장), (데이트), (연인・배우자)",,
69c357d2d914290db4022f28,쉘터버거 목동,한번씩 맛있는 햄버거 먹고싶을때 와서 먹는 등촌역 맛집이에요! 너무 맛잇어용~~👍💕,,(S)아보카도버거,3.25.수,1,1444469421,윤딩4635,1,https://pup-review-phinf.pstatic.net/MjAyNjAzMjVfMjQ0/MDAxNzc0NDA5NjgwMDQ2.9dLC3ANSTRd0iyq698xntJLQvWYaG0SPNXmChsL3E6Yg.0-MR9istiAbf4DHJphJP6VF2mZ_hRBvSWCb8yuFhyeIg.JPEG/821FF916-D53D-4247-AC66-52EA6ECC87BF.jpeg | https://pup-review-phinf.pstatic.net/MjAyNjAzMjVfMjE3/MDAxNzc0NDA5NjgwNzYx.7RJGZexEpfPbYWB5U4kSOJBs5UEyZpERFeFvnoIYvhUg.sKVipm5KB-UD9Sdn7Uv7oUib-xTxofkwWXgMmI2MecYg.JPEG/E33B8050-CBD4-4D7C-915C-4AC3DDCB2C66.jpeg?type=w1500_60_sharpen,images/1444469421_19_1.jpg | images/1444469421_19_0.jpg,2,"음식이 맛있어요, 재료가 신선해요, 인테리어가 멋져요","(예약 없이 이용), 대기 시간(바로 입장), (친목), (지인・동료)",,
69c25f788c4526818181d159,쉘터버거 목동,햄버거 맛집!!!,,(S)아보카도버거,3.24.화,1,1444469421,와이즈교육,1,https://pup-review-phinf.pstatic.net/MjAyNjAzMjRfMTkz/MDAxNzc0MzQ1OTMwOTk4.3QNHL4tnS8OjJdU0xBdefwIEcDxqfpBv05Z3Z7dulZkg.oS2PNq5vzpwZyiOso8Hk_iUbWtS50nC54T7NMm-wVL8g.JPEG/1000024432.jpg | https://pup-review-phinf.pstatic.net/MjAyNjAzMjRfMjQw/MDAxNzc0MzQ2MDkwMzk0.zNcTHTIBAp4nO9t8w0wrZJIIcrZGpxBNkB_1nLEp5N8g.Gh3jSFASLPADbwrY9wZrLJZdIUnp9YiMpB030eO4Q74g.JPEG/1000024438.jpg?type=w1500_60_sharpen,images/1444469421_20_1.jpg | images/1444469421_20_0.jpg,2,"음식이 맛있어요, 비싼 만큼 가치있어요, 인테리어가 멋져요","(예약 없이 이용), 대기 시간(바로 입장), (친목), (친구)",,
69c25f29bfae3a46ae5d9bfb,쉘터버거 목동,아보카도버거 신선하고 맛있어요!!,,(S)아보카도버거,3.24.화,1,1444469421,blessedgirl7,1,https://pup-review-phinf.pstatic.net/MjAyNjAzMjRfMTAg/MDAxNzc0MzQ2MDIzNzk0.lsGYsanv7GZR1eQdk-dpmUWh6G_HMfK-49wGRJjXg5Yg.fwjtpdLhJvbwbBXO71h0D6vlrIh2CulYK48BJiFTPYsg.JPEG/1000009943.jpg.jpg,images/1444469421_21_0.jpg,1,"음식이 맛있어요, 특별한 메뉴가 있어요","(예약 없이 이용), 대기 시간(바로 입장), (친목), (친구)",,
69ba17fc2cef9a500dc4d09a,쉘터버거 목동,"베이컨치즈버거 기본에 충실한 맛이라 만족스러웠어요 🍔
패티 육즙이 잘 살아있고 베이컨이 짭짤하게 포인트를 잘 잡아주네요 👍
야채도 신선해서 느끼하지 않고 끝까지 깔끔하게 먹었습니다 😊
가격 대비 구성도 괜찮아서 다음에도 한 번 더 주문할 것 같아요 🙌",,베이컨치즈버거,3.18.수,1,1444469421,시티헌터176,1,https://pup-review-phinf.pstatic.net/MjAyNjAzMThfMjcw/MDAxNzczODAzNTE0ODEy.C3TCj8YhefXIJNmuopL3cnf7k_2H5UVE3UR7qEsd8-Ig.0Ug4-6omIarf0qbtZ_ytH53TvUQXpLJNlL3NFD0VWLMg.JPEG/A1A816CB-CB62-459D-9684-38E6469AC299.jpeg,images/1444469421_22_0.jpg,1,"음식이 맛있어요, 재료가 신선해요, 양이 많아요, 특별한 메뉴가 있어요, 가성비가 좋아요","(포장·배달 이용), 대기 시간(바로 입장), (일상), (혼자)",,
69b920c60f81af5cd320b1cc,쉘터버거 목동,두번째 방문입니다 와이프랑 맛있게 먹고 갑니다 강추!,,(S)해쉬브라운버거,3.17.화,1,1444469421,kyw****,1,https://pup-review-phinf.pstatic.net/MjAyNjAzMTdfMjI0/MDAxNzczNzQwMjI5MDY1.0LADW7k8zQsTcVLkxJaz3GHrKgI_TSMlUc0mCg9VJfEg.t3XRZ-FtC9jbRv9TnLcdr_TV7vFUXJ17PCz7zJBJ4Mkg.JPEG/F6E4420A-6C35-4780-95F6-04BDFC71B6EE.jpeg | https://pup-review-phinf.pstatic.net/MjAyNjAzMTdfMjUx/MDAxNzczNzQwMjI3MjIw.a9iWtUYeRdGgyE1dK5Vw5L_-FrwfbckxlYKrwf5kWbwg.4VtepZ-COlTxKv0LX5efo5S9zSbuYwi4aeOgPmuU-K0g.JPEG/3700A723-E057-4793-B404-26E5231728AB.jpeg?type=w1500_60_sharpen | https://pup-review-phinf.pstatic.net/MjAyNjAzMTdfMTE5/MDAxNzczNzQwMjI1ODQy.AMw5SnaeOgDpEjYC3IPHJAaY_X-pJqFbrKxW8LRqZdQg.67cdG1rNzzAE2hnM_wKpHpLyWeXCqU3QqPlundK0FKgg.JPEG/61EC70A8-99DD-49B1-991A-BB82C68B4AEE.jpeg?type=w1500_60_sharpen,images/1444469421_23_1.jpg | images/1444469421_23_2.jpg | images/1444469421_23_0.jpg,3,"음식이 맛있어요, 인테리어가 멋져요, 혼밥하기 좋아요, 친절해요, 매장이 청결해요","(예약 없이 이용), 대기 시간(바로 입장), (데이트), (연인・배우자)",,
69b5386789406c150d0f1242,쉘터버거 목동,두번째 방문이에요~아보카도버거 처음 먹어봤는데~너무 맛있는 수제버거에~고구마튀김~~계속 생각나는 맛이었어요~너무 짜지도 않고 적당한 맛에 풍부한 느낌의 버거에요~치즈버거도 풍미가 너무 좋더라구요~오늘은 하와이안버거로 주문해서 기대됩니다~,,(S)하와이안버거,3.14.토,1,1444469421,쪼아715,1,https://pup-review-phinf.pstatic.net/MjAyNjAzMTRfMTA2/MDAxNzczNDg0MTMzNzQ4.U0kJr0-vqYRQfhoSLH9qiTnNCSQZx7tmdxqPnyrAEAUg.ag-AqvcKGMQcYvawpFz8psTcQiHgEDWDsz6eKojOne4g.JPEG/1000097750.jpg.jpg | https://pup-review-phinf.pstatic.net/MjAyNjAzMTRfNzMg/MDAxNzczNDg0MTMzNjU1.NBya7cuopULr8Kr6rxw1KOfMStUcsLPMCU0hMNypy5Ig.Xn6ZEewdNJENHE1XFJnozXLlE0PVmFqUMio8a2zP4jcg.JPEG/1000097749.jpg.jpg?type=w1500_60_sharpen | https://pup-review-phinf.pstatic.net/MjAyNjAzMTRfMTM4/MDAxNzczNDg0MTMzNTc0.iLsyXFCQldiYPpvOiq2SZtsP0mte_HoaUSm-Wpcvfg4g.uikv24d1LjlyVgOgFyq_eW-h6qs5Ugg3-An8bzVUpZUg.JPEG/1000097748.jpg.jpg?type=w1500_60_sharpen | https://pup-review-phinf.pstatic.net/MjAyNjAzMTRfMjMw/MDAxNzczNDg0MTMzNjY0.VFJ3-Ocda5yQ52elZnM-RfVEXRbpX86MAS4wmY_AhSsg.vzrHWnBw3-zI6BGbDqqffpaW6aDunZGHNquA0Ar2x7Ag.JPEG/1000097747.jpg.jpg?type=w1500_60_sharpen | https://pup-review-phinf.pstatic.net/MjAyNjAzMTRfNDYg/MDAxNzczNDg0MTMzNTM1.rrRRG3YGB9aFSZo6fKwFnHvNZHVY-q9U50aRxuEHxcUg.rzEum-e-e89e02EhvN6kAL-jhDCk19_p-a-Q9_XClJ4g.JPEG/1000097746.jpg.jpg?type=w1500_60_sharpen,images/1444469421_24_1.jpg | images/1444469421_24_2.jpg | images/1444469421_24_4.jpg | images/1444469421_24_3.jpg | images/1444469421_24_0.jpg,5,"음식이 맛있어요, 특별한 메뉴가 있어요","(예약 없이 이용), 대기 시간(바로 입장), (데이트), (연인・배우자)",,
69b294a2339f31a856385751,쉘터버거 목동,"쉘터버거 덕분에 햄거거를 좋아하게 되었어요! 
맛있게 잘 먹었습니다^^",,아보카도버거,3.12.목,1,1444469421,클라우디아63,1,https://pup-review-phinf.pstatic.net/MjAyNjAzMTJfODgg/MDAxNzczMzExMTM3MDM5.EkwUdrVKR1Y42FKfGGf5eFj9GmM1XhhE48rR9Jla2_wg.8vtlXKD4PZxucF3CwDYXFJPTpCOGeM_Ni7QMRu56378g.JPEG/DE094F50-FD6A-4C46-8161-BD73C40D4981.jpeg,images/1444469421_25_0.jpg,1,"음식이 맛있어요, 특별한 메뉴가 있어요, 인테리어가 멋져요, 포장이 깔끔해요","(포장·배달 이용), 대기 시간(바로 입장), (일상), (혼자)",,
69ae689424bd3a356d693095,쉘터버거 목동,수제버거 맛집이예요!,,(S)하와이안버거,3.9.월,1,1444469421,겸늘이,1,https://pup-review-phinf.pstatic.net/MjAyNjAzMDlfMjUw/MDAxNzczMDM3Njk5MjM5.dQjKwk3kEiJhz31pliixNvcy75TWTbpTc1cpO-xatnIg.lW3P3kl3ccHXONBb2lOXiB2DUSXt7yYEpwA1BpbGcsAg.JPEG/IMG_4029.jpeg,images/1444469421_26_0.jpg,1,"음식이 맛있어요, 재료가 신선해요, 양이 많아요, 특별한 메뉴가 있어요, 가성비가 좋아요","(예약 없이 이용), 대기 시간(바로 입장), (데이트), (연인・배우자)",,
69abede4f86575156fddc765,쉘터버거 목동,"버거를 지대로 즐길수 잇는곳!! 

육즈비🤩🤩🤩

재방문 의사 매우잇음❤️",,(S)더블치즈버거,3.7.토,1,1444469421,그룬벨트,1,https://pup-review-phinf.pstatic.net/MjAyNjAzMDdfMTY4/MDAxNzcyODc1MjM0MTkz.bFOmH45yLaoKJ4qB-R9VAijufKQ2xuEK8k3LBYmI09Eg.fvGiBoITbh7IshTqjOoh4NER3H6CFrFn3EHVL5ojhREg.JPEG/0EB97A3D-8896-4DE6-8816-57E3D51865C9.jpeg | https://pup-review-phinf.pstatic.net/MjAyNjAzMDdfMjM2/MDAxNzcyODc1MjMzNjc3.HydjI40R_ZjnE4N5Km_X2hWDtR9ZOp6lgaLVlDobleIg.x-HWetMljQ2q3bLwTwlhcUqVZf9mdg_PFSJJhTWMVckg.JPEG/D73AD7F2-A684-431C-8A37-999CEA583D2B.jpeg?type=w1500_60_sharpen,images/1444469421_27_1.jpg | images/1444469421_27_0.jpg,2,"음식이 맛있어요, 인테리어가 멋져요, 매장이 넓어요, 혼밥하기 좋아요, 매장이 청결해요","(예약 없이 이용), 대기 시간(바로 입장), (데이트,나들이,친목), (연인・배우자,친구,지인・동료)",,
69ab9e87e5d91eb98dac6286,쉘터버거 목동,"버거가 맛있어요
패티 소고기 맛도 잘 나고, 소금후추 간이 좋아 덜느끼해요
참깨번에 참깨가 진짜 많아서 고소하고 식감도 주네요",,,3.7.토,1,1444469421,오잘알,1,https://pup-review-phinf.pstatic.net/MjAyNjAzMDdfMjIx/MDAxNzcyODU0OTE3OTk5.I5RD2myT1RwHI00J3c26wTk5nBvMERE7c35vuxiiavQg.ytMxrZ_t0XPCVGlFpMrxuaMrRqmyrV_q7Kd-RdtSFBgg.JPEG/1001092036.jpg.jpg | https://pup-review-phinf.pstatic.net/MjAyNjAzMDdfNjQg/MDAxNzcyODU0OTE3OTkx.q-KC5TtmbxLMPWr1zYJcsyAW8vHD-bisufDx3-3pVSkg.BQtJ8Yb2DWHE0vwp-83Prj1B-4z9a9z8mQOnd5oECRsg.JPEG/1001092032.jpg.jpg?type=w1500_60_sharpen,images/1444469421_28_1.jpg | images/1444469421_28_0.jpg,2,"음식이 맛있어요, 매장이 넓어요","(예약 없이 이용), 대기 시간(바로 입장), (데이트,친목,나들이), (연인・배우자,친구)",,
69aae6d42c47d1ec943ebd8d,쉘터버거 목동,"드디어 전메뉴 도장깨기 완료입니다 ^-^ 후후
제 최애버거는 하와이안버거로 결정났습니다 땅땅 
진짜 전부 다 짱맛있어용 햄버거 대장 쉘터버거 짱 ~~",,하와이안버거,3.6.금,1,1444469421,215415,1,https://pup-review-phinf.pstatic.net/MjAyNjAzMDZfMTg5/MDAxNzcyODA3ODkwNTg3.HtywMPjmIVvR7cUC8YLexgrHnjsJrHF2wwVWlVScH2cg.ntDc3aIzhBb_E6y4kJ5Xy4GJ45uSuU4rTo1q-0mxXb0g.JPEG/BF49F800-4B29-4293-9870-8B6E36ABDBFE.jpeg,images/1444469421_29_0.jpg,1,"음식이 맛있어요, 재료가 신선해요, 인테리어가 멋져요, 혼밥하기 좋아요","(포장·배달 이용), 대기 시간(바로 입장)",,
69a7e2237e6c7f54bfd66dc7,쉘터버거 목동,너무 맛있게 너무 행복하게 먹어요 :) 두번째 쉘터 다음에 또 올게요!!!,,(B)아보카도버거,3.4.수,1,1444469421,pir****,1,https://pup-review-phinf.pstatic.net/MjAyNjAzMDRfMjA5/MDAxNzcyNjEwMDgxMzQ3.SQNVr2gj8s55VShwAvZwMNI1rZwJsomIPJnxzYxm2Dsg.31dcBYvcF-9SU10BqLINQeHBqP0dOzuNAdGlj-N-354g.JPEG/E1116ADE-A61A-407B-A920-4419F02FF8D5.jpeg,images/1444469421_30_0.jpg,1,"인테리어가 멋져요, 대화하기 좋아요, 음악이 좋아요, 음식이 맛있어요","(예약 없이 이용), 대기 시간(바로 입장), (친목), (친구)",,
69a6515ce6190cbac20eef9a,쉘터버거 목동,리뷰보고 찾아왔는데 가게 분위기도 좋고 버거 맛도 좋았어요. 수제 양파피클도 아주 굿!!! 집이 근처는 아니지만 자주 올게요!,,,3.3.화,1,1444469421,박홍준94,1,https://pup-review-phinf.pstatic.net/MjAyNjAzMDNfMjcw/MDAxNzcyNTA3NDgyNTY3.Zd6IsZ3_6wvDhWVLSW3ooAMe2xW6PVpXshI6GuGcL90g.-u4qGYnc7FpTYjYhWkEDag3yanoAzTJ38Ulq0MKUJYcg.JPEG/20260303_120442.jpg.jpg | https://pup-review-phinf.pstatic.net/MjAyNjAzMDNfMjQ4/MDAxNzcyNTA3NDgyNTM2.eURprdJkXFerJCO2BRzdRpeRzeOB6ppaziJyWWUYwPIg.bkJ2Kyk71Os-1IVOsVZrsaPUuQ9T64JCwU518vuz2oUg.JPEG/20260303_120450.jpg.jpg?type=w1500_60_sharpen | https://pup-review-phinf.pstatic.net/MjAyNjAzMDNfNjEg/MDAxNzcyNTA3NDgyNDg0.EVcyqwfYT1FHjhHHgaqYupK-dgFQKuLyf--8ErzvQoIg.bX3W-ZK53VUeEVEOWF3bOHAexWLYrUtLyBPrAqYk72sg.JPEG/20260303_120454.jpg.jpg?type=w1500_60_sharpen | https://pup-review-phinf.pstatic.net/MjAyNjAzMDNfMTQ3/MDAxNzcyNTA3NDgyNTM4.fVGx7h9HzuVFBxWRN3INt6iH3rrURRCBUOL8Clj84v8g.eR2c8yzMS-7OCXgHcKj2H9f5Ma7vQDLNTY7SNUHY_k0g.JPEG/20260303_120512.jpg.jpg?type=w1500_60_sharpen,images/1444469421_31_1.jpg | images/1444469421_31_2.jpg | images/1444469421_31_3.jpg | images/1444469421_31_0.jpg,4,"음식이 맛있어요, 가성비가 좋아요, 인테리어가 멋져요, 주차하기 편해요, 음식이 빨리 나와요","(예약 없이 이용), 대기 시간(바로 입장), (데이트), (연인・배우자)",,
69a65197edf9e54e31279f86,쉘터버거 목동,"아보카도버거와 치폴레버거 시켰는데 맛있어요.
감자튀김은 두꺼운 스타일이고 같이 먹은 고구마튀김이 진짜 맛있네요.
이쪽으로 이사하고 처음 와봤는데 매장도 깔끔하고 넓고 편리하네요.
가성비. 맛 모두 좋아요",,(S)베이컨치즈버거,3.3.화,1,1444469421,푸름빛나라,1,https://pup-review-phinf.pstatic.net/MjAyNjAzMDNfODcg/MDAxNzcyNTA3NTQxOTA4.7Xgh523Kkz82c4Fbdz8-Rwrd80_lHo_bQBFX-C5lyNIg.YUX_w49OfJHW41EEMdlJ9yTkawFbm75sgl0BoeJe3qwg.JPEG/20260303_120430.jpg.jpg,images/1444469421_32_0.jpg,1,"음식이 맛있어요, 특별한 메뉴가 있어요, 가성비가 좋아요, 매장이 청결해요","(예약 없이 이용), 대기 시간(바로 입장), (기념일), (아이)",,
69a5590e07fa8883b0535eed,쉘터버거 목동,버거 프라이즈 맛있고 친절해요,,(B)아보카도버거,3.2.월,1,1444469421,솬스터,1,https://pup-review-phinf.pstatic.net/MjAyNjAzMDJfODEg/MDAxNzcyNDQ0MTg2OTc1.PNOIN8TMhwGymqLG78NQ9NrmxWY3t-dd29jdQ2YwpwIg.BcKNTelzsKkPKVJKgmCJWxTSt_rpyYe1x3NvDX6S7xYg.JPEG/C813ED69-00D9-4EAC-B4AC-19D0D5D22B24.jpeg,images/1444469421_33_0.jpg,1,음식이 맛있어요,"(예약 없이 이용), 대기 시간(바로 입장)",,
69a55822e0b7d07b14690c62,쉘터버거 목동,햄버거도 너무 맛있고 매장분위기도 너무 좋아용ㅎㅎ 자주 오는 햄버거 가게에용ㅎㅎ,,(S)더블치즈버거,3.2.월,1,1444469421,밍밍밍밍잉,1,https://pup-review-phinf.pstatic.net/MjAyNjAzMDJfMjA1/MDAxNzcyNDQzNjgwMzUx.nUh_3WWQ3X9XiWC9uoEwrVnQ1HWVsK2T2WDrnUcc99Mg.lJrl-kq6wd0Utm37RX1hXGCF-9xe7wf9g6NsntCKFMkg.JPEG/436BDB79-F39B-4E2F-A660-84BC303D8BBC.jpeg | https://pup-review-phinf.pstatic.net/MjAyNjAzMDJfMTg5/MDAxNzcyNDQzNjgwMjIw.drQ1DDWhInKCFw2NXA9NO4PgzwmjGpWwD61jBnVZ66Mg.cR5ZjmOro8uh8VVY41mXk89f_xNm3gpWpM6XbUwu1Zog.JPEG/4F386BEC-8C76-40A7-9527-D489C2D6C59D.jpeg?type=w1500_60_sharpen,images/1444469421_34_1.jpg | images/1444469421_34_0.jpg,2,"음식이 맛있어요, 인테리어가 멋져요, 혼밥하기 좋아요, 음악이 좋아요","(예약 없이 이용), 대기 시간(바로 입장), (데이트), (연인・배우자)",,
69a51198ee5e960fb387c41f,쉘터버거 목동,확장전부터 자주먹던 버거집인데 확장이전하고 처음 왔어요. 역시나 맛있네요. 평일 낮에 왔는데도 사람이 많았어요. 맛집 인정입니다!,,(S)아보카도버거,3.2.월,1,1444469421,씰버,1,https://pup-review-phinf.pstatic.net/MjAyNjAzMDJfMjY3/MDAxNzcyNDI1NjIxODg4.Yi5ZpgAyYY8hBTw-rrnx2NkJOrCIMEbJGOauB7dXJCMg.1gN8FX6slIdv3YSg_Uc_O1cJbif33dmU-PdkDegvsAEg.JPEG/1000058776.jpg.jpg,images/1444469421_35_0.jpg,1,"재료가 신선해요, 특별한 메뉴가 있어요, 인테리어가 멋져요, 매장이 넓어요, 친절해요","(예약 없이 이용), 대기 시간(바로 입장), (데이트), (친구)",,
69a50550f9efdc81fd8090e1,쉘터버거 목동,"아보카도 버거에 파인애플 추가 강추드립니당

영수증 인식 오류로인해 가격이 잘못 나와있으니 참고해주세요!",,(S)아보카도버거,3.2.월,1,1444469421,먹다남은 단팥빵,1,https://pup-review-phinf.pstatic.net/MjAyNjAzMDJfMTgx/MDAxNzcyNDIyNDc5Mjkx._iAf1DESR8hWMuFSs5n2sHRRoLy1lBB0zHCDNHTyStwg.SIjvH5CLhmMHUKUJMJKZaEyZZGSj8btZb7ZJQJ2ZjSkg.JPEG/739D7413-DF98-4707-ACE0-CFC5CB2FEB49.jpeg,images/1444469421_36_0.jpg,1,"음식이 맛있어요, 재료가 신선해요","(예약 없이 이용), 대기 시간(바로 입장), (일상), (친구)",,
69a3ddae9f8795aad4d33ba1,쉘터버거 목동,너무 맛있어요~~,,(B)스매수버거,3.1.일,0,1444469421,슈슈슈89,5,,,0,"음식이 맛있어요, 재료가 신선해요, 특별한 메뉴가 있어요","(예약 없이 이용), 대기 시간(바로 입장), (친목), (지인・동료)",,
69a11707d90c35a9fc933f78,쉘터버거 목동,맛있어요   다음억 또 올꺼 같아요,,,2.27.금,1,1444469421,kinkimm5,1,https://pup-review-phinf.pstatic.net/MjAyNjAyMjdfMjEy/MDAxNzcyMTY0ODY5NTEw.zbxY2MUPWoH-kX-gUtm1HSqjQxmDj3m8JjGT9YYP9PYg.ayyL1p1c169fvuEEk4Cyn2yPSDGFYFrfgvPIV4HkehYg.JPEG/6534.jpg.jpg,images/1444469421_38_0.jpg,1,"음식이 맛있어요, 재료가 신선해요, 양이 많아요, 특별한 메뉴가 있어요, 혼밥하기 좋아요","(예약 없이 이용), 대기 시간(바로 입장), (일상), (아이)",,
699ed447258174dc20b69dc8,쉘터버거 목동,"수제버거 원탑이라 생각함
패티 진짜 잘구워졌고 야채 신선하고 번도 맛있음",,(S)베이컨치즈버거,2.25.수,1,1444469421,피스타치오435,2,https://pup-review-phinf.pstatic.net/MjAyNjAyMjVfMjYg/MDAxNzcyMDE2NzA5ODgz.MsS6duD1u75nFB5GQeUheHo3E2VEkwRV7E39kWQ6Nqwg.KNdIwru6Wt2cL9FnzCXr_OaMm4h-1COrx26yXT6U2vog.JPEG/A2D5A09B-C0F3-4273-ADB3-6D50F9AA30AB.jpeg | https://pup-review-phinf.pstatic.net/MjAyNjAyMjVfMjY4/MDAxNzcyMDE2NzA4NTU0.msprGD6VcgUdmXhe1aOaDFKINhU8N0iYMu0hUny_CaUg._UtIUxFinxuuTZMo46SLkCPImANTnuXL6wdDvpNj_PQg.JPEG/2D563EF7-9224-4F94-B9C3-31E421243FC4.jpeg?type=w1500_60_sharpen,images/1444469421_39_1.jpg | images/1444469421_39_0.jpg,2,"음식이 맛있어요, 재료가 신선해요, 인테리어가 멋져요","(예약 없이 이용), 대기 시간(바로 입장), (데이트), (연인・배우자)",,
699e63e994d52b00ddc6b86b,쉘터버거 목동,수제버거중 제기준 젤 맛있는것 같아요. 패티 풍미도 좋고 버거번이나 야채들도 다 신선하고 맛있습니다.,,,2.25.수,1,1444469421,gra****,1,https://pup-review-phinf.pstatic.net/MjAyNjAyMjVfMTI1/MDAxNzcxOTg3OTQyNTE3.vAhxSvBAgTrK5B5qnk3Z2cKxqMs3EVazpdO5S5v11RAg.7FpDQnLI9CorTuCFPg65_hrD5l5lJwATSR7kw9H6Wdcg.JPEG/20260225_115005.jpg.jpg,images/1444469421_40_0.jpg,1,"음식이 맛있어요, 재료가 신선해요, 인테리어가 멋져요, 친절해요","(예약 없이 이용), 대기 시간(바로 입장), (데이트), (연인・배우자)",,
699d851937431ea587db3659,쉘터버거 목동,빵 자체가 너무 맛닜고 버팔로윙 지금까지 먹던 버팔로윙중에 제일 맛있어요👍,,,2.24.화,1,1444469421,뱅규8989,1,https://pup-review-phinf.pstatic.net/MjAyNjAyMjRfMjU1/MDAxNzcxOTMwODU1MzQ3.RSx5iv8h1uUVmVI8Jf1bksTdOiWQ897WY6Y4yWaIZVIg.3HL_x4gVGOa4D2lnAT-_XXc1LQpiTbLBFpnZQm3S26sg.JPEG/IMG_7596.jpeg | https://pup-review-phinf.pstatic.net/MjAyNjAyMjRfMTI4/MDAxNzcxOTMwODU1MDk4.YkEJEakAznKImrZSzovRDCcMgBYUOmxROVAp0W-Moiog.Ip-a0Ms8VpyWu33OxVbI0OSVjSez9CFvAYLPapipu5cg.JPEG/IMG_7597.jpeg?type=w1500_60_sharpen | https://pup-review-phinf.pstatic.net/MjAyNjAyMjRfMTI1/MDAxNzcxOTMwODU1ODAw.dHOa2f7-64GcN7YcSWSeriVQ9G1BIQI8EPQasuU3-ysg.BRiS90uNygYqRGt1N6ZMx6K-DsjXvOxhypnP9mo4OUsg.JPEG/IMG_7598.jpeg?type=w1500_60_sharpen,images/1444469421_41_2.jpg | images/1444469421_41_1.jpg | images/1444469421_41_0.jpg,3,"음식이 맛있어요, 재료가 신선해요, 특별한 메뉴가 있어요, 비싼 만큼 가치있어요, 건강한 맛이에요","(예약 없이 이용), 대기 시간(바로 입장), (일상), (혼자)",,
699d82d6f40101ffadf923e2,쉘터버거 목동,수제 버거 진짜 미쳐있는 사람인데 여기 진짜 맛 미쳤습니다 갠적으로 인앤아웃 버거랑 쉘터버거 TOP 2인거같아요 정말맛있게 먹고갑니다 매번🔥,,(S)해쉬브라운버거,2.24.화,1,1444469421,dks****,1,https://pup-review-phinf.pstatic.net/MjAyNjAyMjRfMTQ1/MDAxNzcxOTMwMzI0NDQ3.f-8D5KO1Jj_0kfDgDqjJbQ36O62wQ5sT3kUB3G3iKnIg.lshZkUI9EKay56t9pIqq4y6a6hf7y-pA3fNaqMzuV7og.JPEG/01A33899-E50F-4C40-84DE-6E7BC6AC3F1E.jpeg,images/1444469421_42_0.jpg,1,"음식이 맛있어요, 재료가 신선해요, 고기 질이 좋아요, 잡내가 적어요","(예약 없이 이용), 대기 시간(바로 입장), (비즈니스,데이트), (연인・배우자)",,
699d74e392106383c83b03a3,쉘터버거 목동,"와 왜 이제 와봤는데 후회될 정도로 너무 맛있네요 
딱 제가 원하던 수제버거에요
육즙도 좋고 아보카도 밸런스도 좋아요 
특히 피클이 은근 킥인거 같아요 절인 양파 완전 제 스타일 
인테리어도 좋고 분위기도 좋아서 자주 올거 같아요 
강추합니다!!",,,2.24.화,1,1444469421,루꼴롸,1,https://pup-review-phinf.pstatic.net/MjAyNjAyMjRfMTkw/MDAxNzcxOTI2NzQ3NTYx.ROGHn0E7tJCjLpqEc2nUD9PW84OTeuIKT6pEjBIZPrAg.X55Ytu6fcNm841y-CK_ZifYAB9Cvn0tDjfeUqa1CT_cg.JPEG/5ADE30F5-385C-44FB-90FE-A621CA4A6F2C.jpeg | https://pup-review-phinf.pstatic.net/MjAyNjAyMjRfMjU5/MDAxNzcxOTI2NzUwODA3.tOYxZXSVKoYfwr11ENQN5JSSIR6rMN3NFGQ8JOKjXSsg.fiKEF-Wqx_aTZin-DkNJmFQcWHLQpXXp2DZA4Odn8HUg.JPEG/F4245D5D-DF4F-45CE-9441-6AA60820B458.jpeg?type=w1500_60_sharpen | https://pup-review-phinf.pstatic.net/MjAyNjAyMjRfOTcg/MDAxNzcxOTI2NzUxMDg0.j9YYkrd2ce_nFbJtdiOEkSH9czrzAWpwMMp-ZyAYJh4g.omYShCTvh4Dfw5UpUEvEMx8SI18DWyPV1YjnStwoUosg.JPEG/56DDC380-81D7-48FA-A10D-9D3F7478F1B2.jpeg?type=w1500_60_sharpen | https://pup-review-phinf.pstatic.net/MjAyNjAyMjRfMjg3/MDAxNzcxOTI2NzUxMjY3.agDPKQBJEDS4RQ2OxwrlwQyDxQEcIFACwnP_Ae6AVWMg.QwDxr3vGSQJ8NvRI2xuUvuLU-9oI-XR274srWkDWe3kg.JPEG/F6AF05FF-37F9-46D7-B1AF-B65F418386C4.jpeg?type=w1500_60_sharpen | https://pup-review-phinf.pstatic.net/MjAyNjAyMjRfMTc0/MDAxNzcxOTI2NzUxNjM1.MpudFCSxQvhSv9Fn0u3YTndpvWHGiI5i6bGGRVBsvfIg.iUhmDnH9h5NPH44rtI8kWh2wQHrjmlozlbXjSKcHx24g.JPEG/8AC5F945-167B-491C-84AE-EA2E9F1FE94C.jpeg?type=w1500_60_sharpen | https://pup-review-phinf.pstatic.net/MjAyNjAyMjRfNzQg/MDAxNzcxOTI2NzUzMzY2.KePdDj9OSJaKqamXOGsNg4uBBvUkTBvh9IzZ4bmzlYog.6V1VjNBntfTlKlAp-FjV-ZQ66KtA5MSdh3uk8vWA0qEg.JPEG/37EF3E58-A8C4-4EBF-949D-B41E2989F216.jpeg?type=w1500_60_sharpen,images/1444469421_43_1.jpg | images/1444469421_43_5.jpg | images/1444469421_43_0.jpg | images/1444469421_43_4.jpg | images/1444469421_43_2.jpg | images/1444469421_43_3.jpg,6,"음식이 맛있어요, 특별한 메뉴가 있어요, 가성비가 좋아요, 친절해요, 인테리어가 멋져요","(예약 없이 이용), 대기 시간(바로 입장), (일상), (혼자)",,
699d1a475b558a8c2e30fc64,쉘터버거 목동,"오랜만에 갔는데, 함께한 이들도 아주아주 만족한 식사였습니다.
음식하고 포장하느라 바쁘신 와중에도 친절하게 대해주셔서 감사해요. 제 입맛에는 조금 짠 편이지만, 아낌없이 재료를 넣어주신 덕분에 맛있게 잘 먹었습니다!!!",,아보카도버거,2.24.화,0,1444469421,보라데보라,1,,,0,"인테리어가 멋져요, 혼밥하기 좋아요, 친절해요, 화장실이 깨끗해요, 현지 맛에 가까워요","(포장·배달 이용), 대기 시간(바로 입장), (가족모임,일상), (기타)",,"보라데보라님, 쉘터버거를 찾아주셔서 감사합니다!! 간의 표준이 입맛에 자극적일 수 있다보니 다음번에 방문 주실 때는 간 조금만 약하게 또는 싱겁게 요청해주시면 더 만족스러운 식사 하실 수 있으세요!! ㅎㅎ 오늘 하루도 즐거운 하루 되세요~~"
6999598b92f2ca31d105ef03,쉘터버거 목동,카카오맵 리뷰가 모든걸 설명해준다! 굿,,(S)아보카도버거,2.21.토,1,1444469421,ant****,1,https://pup-review-phinf.pstatic.net/MjAyNjAyMjFfMTYz/MDAxNzcxNjU3NTc0OTI4.X4C5dZ4ORGP_oo_hA8vp2DHPNbWyZyqAQzjNnL-17owg.4l1B7-8G2lOtQKFoUizR-vnTZloYGVsPXT7QwgY3nvIg.JPEG/1000035159.jpg,images/1444469421_45_0.jpg,1,"음식이 맛있어요, 인테리어가 멋져요, 친절해요","(예약 없이 이용), 대기 시간(바로 입장), (친목), (연인・배우자)",,
699ad4477db870796052acd3,쉘터버거 목동,"너~~~~무 맛있어요. 🍔🍟
우리동네 수제버거 맛집!
매장도 예쁘고, 햄버거도 찐찐 맛있어요.
주차장도 잘 되어있습니다!(매장 이용시 1시간 무료)",,(S)하와이안버거,2.22.일,1,1444469421,bao****,1,https://pup-review-phinf.pstatic.net/MjAyNjAyMjJfMjc4/MDAxNzcxNzU0NTY1MTYx.fvBgNQ_iON5R-MEu8s4LAoz2mFHXox5OO37WI9qs3-Eg.frD3BsUi-1xyXV14UL_C5tq1MufIxmBDD-v58u4jWjYg.JPEG/E254A216-A1AA-49C0-BE51-E76923E2422E.jpeg | https://pup-review-phinf.pstatic.net/MjAyNjAyMjJfODkg/MDAxNzcxNzU0NTY1MzMz.bulbd-URJRnT741TeNwAfFbNYnWMDal70l-S4Q9zA4og.bbsuwmFgDeg4FrFGSjx3s_uIGQLxv6gjEUkhldpXAVcg.JPEG/51A7B2A1-60C1-4938-9051-26C6258D6BA1.jpeg?type=w1500_60_sharpen,images/1444469421_46_1.jpg | images/1444469421_46_0.jpg,2,"음식이 맛있어요, 인테리어가 멋져요, 주차하기 편해요","(예약 없이 이용), 대기 시간(바로 입장), (데이트), (연인・배우자)",,
69992c2e1c328afb6aa9d31d,쉘터버거 목동,배달이용만하다가 이사로 가까워져서 포장했어요. 역시 맛있어요. 시간도 딱 맞춰서 해주셨고 버거는 항상 맛있습니다!!,,더블치즈버거,2.21.토,1,1444469421,엘린2171,1,https://pup-review-phinf.pstatic.net/MjAyNjAyMjFfOTQg/MDAxNzcxNjQ1OTk2NzA5.Z9yW8ATXzb0nSALX0BiCCgXAnz7jB5kP7rARigJaiUog.07XvbvxRijIKHlNSq2T8gwIZx0wvE3FgzNxp5FBliKUg.JPEG/D9EB19B5-6579-41C6-9560-406B22EE039D.jpeg,images/1444469421_47_0.jpg,1,"음식이 맛있어요, 비싼 만큼 가치있어요, 재료가 신선해요, 인테리어가 멋져요, 포장이 깔끔해요","(포장·배달 이용), 대기 시간(바로 입장), (회식), (아이)",,
69982f79f6d0e6ff3d444bf3,쉘터버거 목동,"맛있어요!!!!
퇴근길에 네이버로 주문하고 바로 픽업할 수 있어서 좋았어요",,아보카도버거,2.20.금,1,1444469421,스캇앤마이클,1,https://pup-review-phinf.pstatic.net/MjAyNjAyMjBfMjkg/MDAxNzcxNTgxMzA0MjE2.smmp6rbJ_6eyOpXUNjkY2Am6wTLoNuiSm8GDqUxr8eog.0NDYgAHGUx8AGkWalKRlKDjL4G3sxs8t6lOEg8z9tZMg.JPEG/1000027671.jpg.jpg | https://pup-review-phinf.pstatic.net/MjAyNjAyMjBfMTYy/MDAxNzcxNTgxMzAzOTU5.-19DhoMhSExFFOUr8o-HDz5Dcq64HHa3GVtZxabkKAAg.-u-x8kC_aYvQ9jLiPA_38_tFHS0EIQZXgIfQ5MQCptgg.JPEG/1000027670.jpg.jpg?type=w1500_60_sharpen,images/1444469421_48_1.jpg | images/1444469421_48_0.jpg,2,"음식이 맛있어요, 재료가 신선해요","(포장·배달 이용), 대기 시간(바로 입장), (일상), (아이)",,
698da6eca3235b4fcd850d10,쉘터버거 목동,햄버거는 쉘터가 최고에요ㅠ 우리동네 햄버거맛집 강추합니다!!!,,(S)치포틀치킨버거,2.12.목,1,1444469421,Ciz,6,https://pup-review-phinf.pstatic.net/MjAyNjAyMTJfMTkz/MDAxNzcwODkwOTg1NjQ0.yd85l-Vrw2V1AbjItfFR1lsePmRSrCFlSBaD400k3gcg.jUnuBrgnIZSOrGVLB718cn-u6E5LvvsjmKs3SZQi1qMg.JPEG/5FED2B6A-C2EB-4F62-87A1-283C747D46D4.jpeg | https://pup-review-phinf.pstatic.net/MjAyNjAyMTJfMjI3/MDAxNzcwODkwOTg2NTQ5.CY_gHQsVO0XSi0hlfNolZXxesWhRsrpFCGVK5HNaGBYg.qg5jNWjIMjsi_UoXP6BJL_9w5T9OfqDzzy5wWaxZQ98g.JPEG/C3C4D4E4-30D6-45CD-B6D3-DD8C19D88EED.jpeg?type=w1500_60_sharpen,images/1444469421_49_1.jpg | images/1444469421_49_0.jpg,2,"음식이 맛있어요, 재료가 신선해요, 양이 많아요, 인테리어가 멋져요, 매장이 넓어요","(예약 없이 이용), 대기 시간(바로 입장), (친목), (친구)",,
698d617e7b13b32f4198e34d,쉘터버거 목동,"미국 안가봤는데 미국에서 먹는 맛 같아요 😀
맛있고 신선해서 넘 좋아요 :)",,아보카도버거,2.12.목,1,1444469421,kwch12,1,https://pup-review-phinf.pstatic.net/MjAyNjAyMTJfODkg/MDAxNzcwODczMjEyMjI5.mnJi1WoK3jbUJdmSOL2fC2IgubAjmle-vACK-LbXTcYg.ZZ784NDhmP3783nkw1V0RPSexN8R1T9NFkskhxkMKKog.JPEG/32BA9F18-DE48-4BF7-B385-DDD5504C8102.jpeg,images/1444469421_50_0.jpg,1,"음식이 맛있어요, 재료가 신선해요, 특별한 메뉴가 있어요, 인테리어가 멋져요","(포장·배달 이용), 대기 시간(바로 입장), (친목), (연인・배우자)",,
698d5d1dd7a7233864ff41c5,쉘터버거 목동,"쉘터버거 등촌의 힙한 맛집! 아보카도 버거 진짜 너무 맛있어요. 
골목 작은 집일 때부터 좋아했는데 장사 잘 되시는 거 보기 좋고 늘 응원합니다~",,아보카도버거,2.12.목,0,1444469421,Woodside,2,,,0,"음식이 맛있어요, 재료가 신선해요, 인테리어가 멋져요, 친절해요","(포장·배달 이용), 대기 시간(바로 입장), (친목), (지인・동료)",,
698bf7bf299bececd267cf3e,쉘터버거 목동,"진짜 수제버거는 여기가 최고예요 ... 
아맛잇어 또먹고싶다",,(B)치포틀치킨버거,2.11.수,1,1444469421,2wktlr6,2,https://pup-review-phinf.pstatic.net/MjAyNjAyMTFfMTQ0/MDAxNzcwNzgwNjA2MTc5.dD1jOrt-izimSnErK8JbiuUlxhPU5AzgQ2o58IzX42wg.UP8aoDiMk9mQykwWHQpHaxpdSGdiF627gPYn32TQmeEg.JPEG/E3351368-8F2B-478C-9CFD-55159605E635.jpeg,images/1444469421_52_0.jpg,1,"음식이 맛있어요, 양이 많아요, 비싼 만큼 가치있어요, 혼밥하기 좋아요, 대화하기 좋아요","(예약 없이 이용), 대기 시간(바로 입장), (데이트), (연인・배우자)",,
698a6d4e08d05653da0a6db4,쉘터버거 목동,하와이안버거 맛있어서 자주 갑니다~👍,,하와이안버거,2.10.화,1,1444469421,hse****,1,https://pup-review-phinf.pstatic.net/MjAyNjAyMTBfMzcg/MDAxNzcwNjc5NDUxMTQx.au58FNEF366Mb4yNeTHwx_SYHAlA1Q5xFef4F2VFPZog.9Goz1kLchi2UYHsb20YczGlkKhE0x6wdVQ--TG35hHEg.JPEG/13181.jpg,images/1444469421_53_0.jpg,1,"음식이 맛있어요, 재료가 신선해요, 인테리어가 멋져요, 포장이 깔끔해요, 음식이 빨리 나와요","(포장·배달 이용), 대기 시간(바로 입장), (일상), (혼자)",,
6986c36ddeb75f3815daa3db,쉘터버거 목동,,,베이컨치즈버거,2.7.토,1,1444469421,로랭1,1,https://pup-review-phinf.pstatic.net/MjAyNjAyMDdfNTgg/MDAxNzcwNDM5NTMxNDEz.svPbhUCOwT6-vD_W5HSyimrynCTOeQsIFKdT6d1GgoUg.uVzYPkKm5eHlthbsBPkULMErrAWN123m6u6B1WZXOo4g.JPEG/1A07BDEE-7A35-4AE7-BAFA-45593F110180.jpeg,images/1444469421_54_0.jpg,1,"음식이 맛있어요, 재료가 신선해요","(포장·배달 이용), 대기 시간(바로 입장), (친목), (혼자)",,
698879bf366e9e5dc3b71d61,쉘터버거 목동,"세 번째 방문!!
오늘도 맛도리입니다~

베이컨치즈버거🍔🥓❤️
더블치즈버거🍔🧀
치즈프라이즈🧀🍟",,(S)베이컨치즈버거,2.8.일,1,1444469421,졔돌프,3,https://pup-review-phinf.pstatic.net/MjAyNjAyMDhfMjcz/MDAxNzcwNTUxNzM3NDk0.gti1yopaW6oZfRdbXYgGJvqYP_c4Pqw6Toc7LUqlA10g.VvwGF89XFA_COEHEmD7RYxiwxQBQ-O4dQt7lzJjevKYg.JPEG/75F5182C-FA47-4D8D-AABD-E1BD9C918D05.jpeg | https://pup-review-phinf.pstatic.net/MjAyNjAyMDhfNjYg/MDAxNzcwNTUxNzM3NTY1.-prSLOXvqYKa02ytQrhCxGeulZYy2k93O1PMC0pxb4wg.uFgIrXX8LPqSZzmhslD0XAC-GgEgZyi77wXCtNfEMWog.JPEG/34918BC7-88A9-4047-AA36-974F7AED9CF6.jpeg | https://pup-review-phinf.pstatic.net/MjAyNjAyMDhfODEg/MDAxNzcwNTUxNzM3NTgz.EwmKsE5yAqjQp5aAQ7HJolOnAlQ1KC_Wg6pzB6l-H30g.hGhPSD-o1QXddUEQRcKOPS0A0mIFzbK6VaP0BgbEZbcg.JPEG/1F013E8A-E8CE-4609-9B9A-5755E6DCCA46.jpeg?type=w1500_60_sharpen | https://pup-review-phinf.pstatic.net/MjAyNjAyMDhfMzYg/MDAxNzcwNTUxNzM3NDY0.i77-3SU2zzXLZs4Zdl46imvPImNwuRQ2eV59FLC1rLMg.Y5X4C1GKNRlaK-wzsUUgOOEvaZrqzobz48YyX8kuKjIg.JPEG/2A24B5BD-DEA7-43F3-A4EA-75F945A11E22.jpeg?type=w1500_60_sharpen | https://pup-review-phinf.pstatic.net/MjAyNjAyMDhfMjc2/MDAxNzcwNTUxNzM3Njk3._GP7-znL0uhRJi6eTA2nwerT8nZ8ba-PRCvnb4WKffYg.3Vh8Ie_VqcH-liFg01yGBx2Z6URsvl8loPmsgu6CmIUg.JPEG/69669488-84F6-4C87-A5CF-F664E2AF04E3.jpeg?type=w1500_60_sharpen | https://pup-review-phinf.pstatic.net/MjAyNjAyMDhfMjEw/MDAxNzcwNTUxNzM4ODgy.hXFO10HiC7cBDDqwbK_kuEKZgn5fXqf7DVuGXYASJKQg.cHZyRAda3rA-0X2b20vCKPAKhdDezwVv8heIxuEt1sIg.JPEG/8C9B315A-6735-4D3B-A036-B05B86361900.jpeg?type=w1500_60_sharpen | https://pup-review-phinf.pstatic.net/MjAyNjAyMDhfMTc3/MDAxNzcwNTUxNzM4ODAx.-BddU3WupUXaX-e3fs_Nuyyjv8m_qn4SzBzBERo0luog.MVUV1BoAQlrlbmeic3t1aa0rNUtt4DJ8-O4MFyt6x38g.JPEG/08E4F74F-865E-43D9-A8BB-72D90E023B0E.jpeg?type=w1500_60_sharpen | https://pup-review-phinf.pstatic.net/MjAyNjAyMDhfMTQ0/MDAxNzcwNTUxNzM4Nzk2.mtOid16sHIo1PIJMXmrtZBh22G6JBUKOsk-rdSevJCAg.aFSys4S5tYH6bwjhPbgC8x4GKoq1GbLfl9CS5vuO7kkg.JPEG/6234409B-5138-45B4-810A-7F0909472987.jpeg?type=w1500_60_sharpen | https://pup-review-phinf.pstatic.net/MjAyNjAyMDhfNjAg/MDAxNzcwNTUxNzM5MDE1.HiWCGdW4l27-XDisq-p6NHhcDDWxWmJVdKWnw9Unxrwg.RaGod38370EEhBHVGfrJXtEehgyMbngvq8Za0yHisDEg.JPEG/F87B883B-E576-4D2F-BEAF-12A4C177BC8C.jpeg?type=w1500_60_sharpen | https://pup-review-phinf.pstatic.net/MjAyNjAyMDhfMjIw/MDAxNzcwNTUxNzM5ODUz.LNQ6Sve5w-6_UVOpvY9_m6tyG8WG4lrJJEwFBVSDrb8g.xKSrjcYhklGHlx5Osv8RVL2AONBhUjMnHe7Ch1ry6fEg.JPEG/349DE7B9-226E-442A-A05F-B41ED9102182.jpeg?type=w1500_60_sharpen | https://pup-review-phinf.pstatic.net/MjAyNjAyMDhfMjc0/MDAxNzcwNTUxNzM5ODYy.D-tUKnjzzfz9i9seQflS4UP5e4wzLvkqY9uc7jnLPWQg.UmaNrwV4RfWVBsxZ--WInBAvmyA1QhsSTEOMs_5_wW4g.JPEG/E556D72F-5E8C-43F5-99D9-903C13E8834E.jpeg?type=w1500_60_sharpen | https://pup-review-phinf.pstatic.net/MjAyNjAyMDhfMjE4/MDAxNzcwNTUxNzM5OTYz.hHqg07N7_tvjvEmCUgsXRAUyoFZpPVI15xlomWrmyMEg.4grbFR7wvtmJjhDnTtlnT2vX9lSsQh2yif4Iykg1nHEg.JPEG/A0A98B46-9FA6-4666-B918-25E1EF399A3B.jpeg?type=w1500_60_sharpen | https://pup-review-phinf.pstatic.net/MjAyNjAyMDhfMjEz/MDAxNzcwNTUxNzQwMDM2.ioVoFUlGqhXXm59OG7msASxGQYmryf7AvG68OK6Mye4g.hySy6KSR8EkqgYFexNECjvnMd6f3lslZgpyqkFwMxKUg.JPEG/57ED9B3E-EF07-46FB-8B3B-ECF9D37B0C61.jpeg?type=w1500_60_sharpen | https://pup-review-phinf.pstatic.net/MjAyNjAyMDhfMTY2/MDAxNzcwNTUxNzQwMTAx.oyNQzUILb7gwNduEODcZD-8TWeDTf5AFok75FxC2ORkg.EqG26OH9fy52OP0ljE-6wgdZoSjFZJ5JlzlaKiCajq8g.JPEG/84D770C8-8BA0-4AF1-9EDD-947A065DCE98.jpeg?type=w1500_60_sharpen | https://pup-review-phinf.pstatic.net/MjAyNjAyMDhfMTQx/MDAxNzcwNTUxNzQxMjI3.S-zm6-oQi3LVzyOI5-fv2TlMAi7Fv14xypB6YWDRJbwg.KxPou9ZCnZlW1WbWeG54mloLtOU4Qp9EZge7fEiF10Ag.JPEG/3343F272-55FB-49AB-9FE2-DC14D94A22F3.jpeg?type=w1500_60_sharpen,images/1444469421_55_4.jpg | images/1444469421_55_6.jpg | images/1444469421_55_5.jpg | images/1444469421_55_0.jpg | images/1444469421_55_1.jpg | images/1444469421_55_8.jpg | images/1444469421_55_3.jpg | images/1444469421_55_9.jpg | images/1444469421_55_7.jpg | images/1444469421_55_2.jpg | images/1444469421_55_10.jpg | images/1444469421_55_11.jpg | images/1444469421_55_12.jpg | images/1444469421_55_13.jpg | images/1444469421_55_14.jpg,15,음식이 맛있어요,,,
698412a7b33518c14f40b5de,쉘터버거 목동,"매장에 너무 오랜만에 왔더니 이전했네요 주차 편해져서 넘 좋아요!! 버거너무너무 맛잇고!! 아보카도랑 더블치즈버거, 고구마프라이도 최고에요!!",,(S)더블치즈버거,2.5.목,1,1444469421,두더지6789,1,https://pup-review-phinf.pstatic.net/MjAyNjAyMDVfMTYg/MDAxNzcwMjYzMjA0NTg2.Qx2jPv3WGB5UMgo_VyOeKFLXz3byXOICWWiregLyO2Eg.DewryUP8hdSS-bGUFpkbPgPHEMuNMRGHM2paZ0JI6Pgg.JPEG/9EB202AA-73FF-449E-8E47-149326E55878.jpeg | https://pup-review-phinf.pstatic.net/MjAyNjAyMDVfMTg0/MDAxNzcwMjYzMjA0MzE2.niVwrGFPRoXrQIJMlJdWFR73bY0orpTghWpYerFdVJQg.S60jqeDcv9dfSGns6KeO-QIYWP63NhoFA9_Z5hRKfL4g.JPEG/CDAEDDEC-A7E3-43EC-8D28-5107533507F8.jpeg?type=w1500_60_sharpen | https://pup-review-phinf.pstatic.net/MjAyNjAyMDVfMjcg/MDAxNzcwMjYzMjA0OTQw.j8E6UD3Y_V38L1P7-yVRrqCvavmcqOxMAWgwO5vt9Ywg.DrqS6pBN-o5OLSWGwPm67RCHXH7FCCV5_TEWK3cHKAwg.JPEG/8C1910C9-BD9D-4BC7-9A1C-FCAEAE342C06.jpeg?type=w1500_60_sharpen,images/1444469421_56_1.jpg | images/1444469421_56_2.jpg | images/1444469421_56_0.jpg,3,"음식이 맛있어요, 재료가 신선해요, 매장이 넓어요, 인테리어가 멋져요, 주차하기 편해요","(예약 없이 이용), 대기 시간(바로 입장), (여행), (연인・배우자)",,
6981c4f96f55756d65aa9a0f,쉘터버거 목동,여기 햄버거 맛집이에요❤️,,(S)아보카도버거,2.3.화,1,1444469421,leopsy99,2,https://pup-review-phinf.pstatic.net/MjAyNjAyMDNfNjgg/MDAxNzcwMTEyMTQ5NTc0.12BY7W3nwYH2BV5oRC0-i4-g6wJhfwEdSMNJ98gFyMcg.WGMg__AJLIOCkL4Vz4KrNvmGezvzjPYHAeM_TRG0lrgg.JPEG/1000020686.jpg | https://pup-review-phinf.pstatic.net/MjAyNjAyMDNfMTgx/MDAxNzcwMTEyMjQzNjY1.E9TvOlko8u3ZY5Lsb06PGtkCWBiJ0s15ALdfpFToy0sg.M7MPuY_ONWa_OyypkVgmbB5Y86xHPvrW-NFt3iylVuQg.JPEG/1000020687.jpg?type=w1500_60_sharpen,images/1444469421_57_1.jpg | images/1444469421_57_0.jpg,2,"음식이 맛있어요, 인테리어가 멋져요, 친절해요","(예약 없이 이용), 대기 시간(바로 입장), (일상), (혼자)",,
6981bfc8d17e3b71b56d6432,쉘터버거 목동,매장 분위기도좋고 노래도좋습니다 버거를좋아하는데 정말퀄리티가높아요 치즈버거 너무맛있습니다 또방문예정입니다,,(S)치즈버거,2.3.화,1,1444469421,낭만있게살아,1,https://pup-review-phinf.pstatic.net/MjAyNjAyMDNfMTQy/MDAxNzcwMTEwOTE3ODQ1.QQq124rRAbCwrtK8-zZI_p_G1wv9zBfhN-SqD-5K5M0g.w4uY7lvWUvTFgCXjGq02m-2xZAW13DMWeoOTr7zF_X8g.JPEG/8272421E-2B68-4B44-906B-923E5A50265A.jpeg | https://pup-review-phinf.pstatic.net/MjAyNjAyMDNfMTI5/MDAxNzcwMTEwOTE3MDk4.9unisYyjqyUjSr5wOvl4Y_ervYZ4hOCbF1jXgjWpo7Eg.1p75THYsjzxsUiwQNKcoO-K4-MY1FmYSbtvP6P4EQfsg.JPEG/C6D2AC0A-DEA8-48A8-AF27-4C819FF34591.jpeg?type=w1500_60_sharpen | https://pup-review-phinf.pstatic.net/MjAyNjAyMDNfMjQw/MDAxNzcwMTEwOTE4MzE3.OZ4vhBb79_bkmH6AsZJ30K5Dq7TT5NNh8iCDot1iO94g.lKCBSO1KmNlvLlwfI2VZFyQB-0VSF9Fa4bmuitVj0XYg.JPEG/27892727-1ABD-458E-9928-1D56ECF4D49B.jpeg?type=w1500_60_sharpen,images/1444469421_58_2.jpg | images/1444469421_58_1.jpg | images/1444469421_58_0.jpg,3,"음식이 맛있어요, 재료가 신선해요, 양이 많아요, 특별한 메뉴가 있어요, 인테리어가 멋져요","(예약 없이 이용), 대기 시간(바로 입장), (데이트), (연인・배우자)",,
697d8ff599bd2298d6f21fd4,쉘터버거 목동,,,(S)아보카도버거,1.31.토,1,1444469421,dsc****,4,https://pup-review-phinf.pstatic.net/MjAyNjAxMzFfMTEg/MDAxNzY5ODM2NTI3NTk0.Zn2guAagH5teoZM6iF42YkzfsbpxtrPfZCuSmBMkMmQg.xhN-maxZ08JpHLuDqZWBTzFWcvTnswkskAeCn0-jV8Qg.JPEG/image.jpg,images/1444469421_59_0.jpg,1,"음식이 맛있어요, 가성비가 좋아요, 메뉴 구성이 알차요, 인테리어가 멋져요, 음악이 좋아요","(예약 없이 이용), 대기 시간(바로 입장), (데이트), (연인・배우자)",,
697d6df613c9f7da3d57dd1e,쉘터버거 목동,너무 맛있게 먹었어요!,,(B)아보카도버거,1.31.토,1,1444469421,수연2166,1,https://pup-review-phinf.pstatic.net/MjAyNjAxMzFfODQg/MDAxNzY5ODI3ODA2NzI4.u6f94vo0FXSusPvYvUK5Hi90C4gV-DxABEI6rbaqgQQg.VcHkrJkXYNn6vNc8bjKqFBbD5lX-yfrDz67zHLyyOrwg.JPEG/IMG_9414.jpeg,images/1444469421_60_0.jpg,1,"음식이 맛있어요, 재료가 신선해요, 양이 많아요, 특별한 메뉴가 있어요","(예약 없이 이용), 대기 시간(바로 입장), (나들이), (부모님)",,
697c22ce072e616e3f740ca2,쉘터버거 목동,아보카도 버거랑 더블 치즈버거 시켰는데 넘넘 맛있고 재료도 신선해요 ~~ 안에 매장도 넓고 인테리어도 예뻐서 재방문 의사 있습니다 😇😇,,(S)더블치즈버거,1.30.금,1,1444469421,ansehdwn,1,https://pup-review-phinf.pstatic.net/MjAyNjAxMzBfMjU3/MDAxNzY5NzQzMDUyMTQ5.sFOvRwiHiQW5xbc9J_gVJK6HWoA4Ix-ssbraAhW7ONwg.Ovvv9s7T87yvnJSL27bIdn1EO9SALYmzBoPg_BkdgI4g.JPEG/BC402E6D-0EA3-481B-87A3-56EEAD17F42D.jpeg | https://pup-review-phinf.pstatic.net/MjAyNjAxMzBfMjIz/MDAxNzY5NzQzMDUxOTE0.iV3b9E4s4Y0x9OxBYtDb4i-W_GJwBB8SKmyccj9cS0Yg.jlTbv28mzQEEtFlg4xMA_-BTYoDZvPgDzJzQMcPdJlUg.JPEG/F0C0A3B2-5546-4C77-9C92-C494ECAFFA12.jpeg?type=w1500_60_sharpen | https://pup-review-phinf.pstatic.net/MjAyNjAxMzBfMjI0/MDAxNzY5NzQzMDUyMjEy.e41d3bCskPTPQigf7mzT1Huiy4gtBJdwqzuglhgk9uAg.zYlO32qESRl3UQCzxs2JrU1mjKlZsHqC-msvpG-yLpQg.JPEG/288570A8-7AF3-498D-810A-5D3D59D5F636.jpeg?type=w1500_60_sharpen,images/1444469421_61_1.jpg | images/1444469421_61_2.jpg | images/1444469421_61_0.jpg,3,"음식이 맛있어요, 재료가 신선해요, 특별한 메뉴가 있어요","(예약 없이 이용), 대기 시간(바로 입장), (친목), (친구,연인・배우자)",,
697b060b7ae9eb38524c6b87,쉘터버거 목동,혼자먹기 좋고 버거도 맛있어요 !!,,(B)치즈버거,1.29.목,1,1444469421,fjeuujdjf,1,https://pup-review-phinf.pstatic.net/MjAyNjAxMjlfMjQ5/MDAxNzY5NjcwMTU0MDI2.MUxaKSvJbf-4-rV3F03mHN-MqDayFQoHZeXkQoO8Uq8g.IAdnGVlp4LrD_P_wqLnksbWJ9CCuh6mpAGsEPxJ9USUg.JPEG/9F2905E1-E481-4024-8042-3738ABF6DBF5.jpeg,images/1444469421_62_0.jpg,1,"음식이 맛있어요, 인테리어가 멋져요, 혼밥하기 좋아요","(예약 없이 이용), 대기 시간(바로 입장), (여행), (혼자)",,
697ae3712628bed8b91bb91e,쉘터버거 목동,맛있어요 분위기도 좋아요,,(S)하와이안버거,1.29.목,1,1444469421,inn****,1,https://pup-review-phinf.pstatic.net/MjAyNjAxMjlfMjgz/MDAxNzY5NjYxMjk1OTIw.h2OxxALoEdIPlY45ZC4bh5Raar_g581sl03gcoLshkog._lCZWY5uZFzJs8R8WSnWyCT0juw72ofhpkYUDAPhITsg.JPEG/1000053196.jpg.jpg | https://pup-review-phinf.pstatic.net/MjAyNjAxMjlfMzQg/MDAxNzY5NjYxMjk1OTY0.MoB5DfnV56Pq4BCaAs5I_xRyl_zjEiwKGavLAwfpcesg.iRPHHtGUN2I9JS-9VR7ilm9tMTqXcS22mRPxpA_ryVMg.JPEG/1000053195.jpg.jpg?type=w1500_60_sharpen,images/1444469421_63_1.jpg | images/1444469421_63_0.jpg,2,"음식이 맛있어요, 재료가 신선해요","(예약 없이 이용), 대기 시간(바로 입장), (일상), (친척・형제자매)",,
697435f315b20366fdabb20d,쉘터버거 목동,목동 깨비시장 오시면 꼭 들러볼만한 버거집입니다 ㅎㅎ,,,1.24.토,1,1444469421,뉴로맨서,2,https://pup-review-phinf.pstatic.net/MjAyNjAxMjRfMjE4/MDAxNzY5MjIzNjY1Mzg1.f2TWkMsfZHIyywSRnPBwUZUrE3G5fUp72GEaBnCpG-og.la02kJ4ivp8TvDylY8wm5YETgTXcIfmZOtVXdoFlS-kg.JPEG/8262.jpg.jpg,images/1444469421_64_0.jpg,1,"음식이 맛있어요, 인테리어가 멋져요, 친절해요","(예약 없이 이용), 대기 시간(바로 입장), (나들이), (아이)",,
69732b25f5e1fe7f17cd8b9b,쉘터버거 목동,항상 믿고 먹는 쉘터버거입니다. 너무 맛있고 든든합니다.,,(B)치즈버거,1.23.금,1,1444469421,ljh****,2,https://pup-review-phinf.pstatic.net/MjAyNjAxMjNfMTcg/MDAxNzY5MTU1MjgwMTEx.vQpkoh_uAprXSeceGJrsA7SHiWSnAaSrsQnw_zeW0osg.BetrMMOAJ1bXFNagP7qqR30BK45_-q0Co9N7_TWsWdwg.JPEG/20260123_165559.jpg,images/1444469421_65_0.jpg,1,"음식이 맛있어요, 재료가 신선해요, 특별한 메뉴가 있어요","(예약 없이 이용), 대기 시간(바로 입장), (친목), (친구)",,
6977445dcb050cc16d6979c1,쉘터버거 목동,"요 몇 년 사이 먹어본 수제버거 중 가장 맛있었습니다. 직원(남)분 너무나 친절하게 응해주셔서 좋았고, 셀프바에 있던 피클이 버거와 너무 잘 어울려서 맛을 높여주었어요. Good! 또 생각날 것 같아요. 재방문하고 싶습니다.",,(S)하와이안버거,1.26.월,1,1444469421,laca90024,1,https://pup-review-phinf.pstatic.net/MjAyNjAxMjZfMTUx/MDAxNzY5NDIzOTYzMDA3.gZFO5sa9C3ajxHeZLFeEQQiov9ehBNlVjp__zMTsA6og.UNd0vScYjIHciRr7_bV9T5W1TwJVtDUAp_agVcp_X-4g.JPEG/EB3B9CDD-7AFD-47C0-9577-CC005178E142.jpeg | https://pup-review-phinf.pstatic.net/MjAyNjAxMjZfOTcg/MDAxNzY5NDIzOTYyMTg3.hUw4DnT1pdsaMBr_jY_gNPqSp3NCs7m_aH2iXTMrdhQg.L8G2z0KDcxQAhkvoSdkCc3zyze7i4NjcWazdMDYu7ZYg.JPEG/10EA2E35-5785-42D2-B454-0FAE56FB5F99.jpeg?type=w1500_60_sharpen | https://pup-review-phinf.pstatic.net/MjAyNjAxMjZfMjM0/MDAxNzY5NDIzOTYyNjgy.87B5HCUJaMuFRrISH77mrOcbpe-agxIki_YMYulx1Cwg.GhVMst_IZEQTDjFA_lNtXG0BmzdFh9lFzaH-o7uqnVUg.JPEG/7C78C5EE-899C-4C4F-B77D-1667E459D06B.jpeg?type=w1500_60_sharpen,images/1444469421_66_1.jpg | images/1444469421_66_2.jpg | images/1444469421_66_0.jpg,3,"음식이 맛있어요, 메뉴 구성이 알차요, 인테리어가 멋져요, 친절해요",,,
6983229152a1bd6160c2f134,쉘터버거 목동,맛있어요~!,,,2.4.수,1,1444469421,기쁨감사,12,https://pup-review-phinf.pstatic.net/MjAyNjAyMDRfMjQ4/MDAxNzcwMjAxNzQzNDQ4.NCMHou184KYxtA5DcyRWoQpZuCRDDdYbLL12N77IHIkg.fLS_OiGMH_6yNXQQsDOWl96rKWtyaq2oJ0yAqxo_WHAg.JPEG/20260123_132554.jpg.jpg,images/1444469421_67_0.jpg,1,"음식이 맛있어요, 가성비가 좋아요","(예약 없이 이용), 대기 시간(바로 입장), (친목,나들이), (아이,친척・형제자매)",,
69807e6ce608eb8bdd01daab,쉘터버거 목동,"아주 맛있는 버거네요.
시간상 포장해서 왔는데도 맛있었어요.
다음에는 홀에서 먹어봐야겠네요.",,(B)치포틀치킨버거,2.2.월,1,1444469421,sin****,1,https://pup-review-phinf.pstatic.net/MjAyNjAyMDJfMjA2/MDAxNzcwMDI4NjUwOTI0.aVJMDu-WTfualZozgRolcNOdPL8_zE5xaeRpxkBgdz8g.MfdDxxhr9GQNRNXF3t5yBpnMh5ePEzQQrhr4BXTsKzMg.JPEG/20260123_132544.jpg.jpg | https://pup-review-phinf.pstatic.net/MjAyNjAyMDJfMTcw/MDAxNzcwMDI4NjUxMDk5.qydfdU8CS8AFeXhyV5i09fbsQZfhAzh7kUhNXmkw_mwg.fFy1hDzUe5Wc123H8q0J0pDJl-R9xsnkNiStr7g0a1kg.JPEG/20260123_131627.jpg.jpg?type=w1500_60_sharpen,images/1444469421_68_1.jpg | images/1444469421_68_0.jpg,2,"음식이 맛있어요, 재료가 신선해요, 인테리어가 멋져요, 포장이 깔끔해요","(예약 없이 이용), 대기 시간(바로 입장), (가족모임), (아이,기타)",,
6973423ac26a766c45a6ab73,쉘터버거 목동,넘무 마시쑴니다,,,1.23.금,1,1444469421,아메바씨,5,https://pup-review-phinf.pstatic.net/MjAyNjAxMjNfODYg/MDAxNzY5MTYxMjcyMDk5.EmMjXNSq7HEzWzcAifyhoCIvQj4DcLK2rsGIalC2ZrUg.05Zk-Kv5_5waChMnwAH2qHqAbhkHG1QcwjPZ2oK_uKcg.JPEG/1000108615.jpg.jpg | https://pup-review-phinf.pstatic.net/MjAyNjAxMjNfMjQw/MDAxNzY5MTYxMjcyMDQz.H1lG6Vz2-gOX1D7D7N5HX2BADlRZ9kpq7zAeQ-nSxmkg.7EbxZ9sv6LilVvmJ2S3GYbGDILGO406GkCY6D7Bm27wg.JPEG/1000108614.jpg.jpg?type=w1500_60_sharpen,images/1444469421_69_1.jpg | images/1444469421_69_0.jpg,2,"음식이 맛있어요, 재료가 신선해요, 인테리어가 멋져요",,,
6972c1a5c5a649c2617c1da2,쉘터버거 목동,베이컨 치즈 버거와 치즈 버거 오리지널 프라이즈 깔끔하면서 맛있어요.,,(B)베이컨치즈버거,1.23.금,1,1444469421,unique look,30,https://pup-review-phinf.pstatic.net/MjAyNjAxMjNfMjg0/MDAxNzY5MTI4MzU1NjY0._QUOJRprBHbBqedSz2en3wE049xgIEXNIVtPhq_6Wngg.TPvfUdiK0qXZR3QKlsACYkuOfl3iPK0Zb4bHy86xSRgg.JPEG/3592DB39-74B9-44DB-A585-2C1F2C4AB459.jpeg | https://pup-review-phinf.pstatic.net/MjAyNjAxMjNfMTIx/MDAxNzY5MTI4MzU1NDkw.JqQNNyVQ5aOtBH-2-b6bvlKoFJQN1PIx145pT346PdMg.18K6XQYv_Tff59-SKRNwO-ZsuGtfxGgrGuBYXUpY3XQg.JPEG/D018DCD2-B4D9-4721-AB3D-EC3275C6CF6C.jpeg?type=w1500_60_sharpen,images/1444469421_70_0.jpg | images/1444469421_70_1.jpg,2,"음식이 맛있어요, 재료가 신선해요, 양이 많아요, 인테리어가 멋져요, 매장이 청결해요","(예약 없이 이용), 대기 시간(바로 입장), (지인・동료)",,
696ddfa5917c93ebfb2a3881,쉘터버거 목동,"치즈버거 먹었어요 후추향과 고기맛이 확실한 버거에요
깨가 많은 번도 맛있어요",,(S)치즈버거,1.19.월,1,1444469421,보바8848,1,https://pup-review-phinf.pstatic.net/MjAyNjAxMTlfMjcy/MDAxNzY4ODA4MzU2MDAx.71zqTK294KSdlGVjm7RTJ6ZWqi9F2TFfDxjzXbgtiQcg.sGP-RX0jjGQOwGvxsfoyTLkzvuWTqA-wXmi5LxjoEnQg.JPEG/FF6315C1-FD3E-408A-AB16-D33C10601BDA.jpeg | https://pup-review-phinf.pstatic.net/MjAyNjAxMTlfODYg/MDAxNzY4ODA4MzU1Mzk2.NxM_UNZ-BuKMqA3TX8xwXvf0mJo7fS4D__UG_G4l6skg.twihOfGXYkNTTcQquFq9RL6hKMGhvSm7FOfTa3VDCJkg.JPEG/CBE463A8-819B-4C74-A722-D4CF5570866D.jpeg?type=w1500_60_sharpen,images/1444469421_71_0.jpg | images/1444469421_71_1.jpg,2,"음식이 맛있어요, 인테리어가 멋져요, 혼밥하기 좋아요","(예약 없이 이용), 대기 시간(바로 입장), (일상), (혼자)",,
696b38905ca4e39d5ab5c593,쉘터버거 목동,너무 맛있어요,,(S)치즈버거,1.17.토,1,1444469421,한신희15,1,https://pup-review-phinf.pstatic.net/MjAyNjAxMTdfMjQy/MDAxNzY4NjM0NTExMzMy.SHDVBvDQglDEJSTK4vM-1OkwbfjO_jU5-FG038Yu-JMg.HfIyUgR8PwVl6Kio-3Ak7kIaUj4fJTsAskm50N8068Mg.JPEG/2C8294E3-3732-4453-8247-50BA520C7328.jpeg | https://pup-review-phinf.pstatic.net/MjAyNjAxMTdfMjkz/MDAxNzY4NjM0NTExMDM3.34KtW65oMZBRByDdzmLlbr9magVf0BVR6EYkX_vN_tog.Enmjz-nj7W5U1jiZTcULWVzPPclkPgSKG3OX62azt6Yg.JPEG/3FC5FDE2-9C28-4BA1-8142-F7BECBD2665E.jpeg?type=w1500_60_sharpen,images/1444469421_72_1.jpg | images/1444469421_72_0.jpg,2,"음식이 맛있어요, 특별한 메뉴가 있어요, 매장이 넓어요, 단체모임 하기 좋아요","(예약 없이 이용), 대기 시간(바로 입장), (친목,나들이,여행), (부모님)",,
696b22160a195d33b5cd629e,쉘터버거 목동,"너무 맛있어요!!!!!
주차장이랑 붙어있고
아기의자도 있어서 편하고
너무 친절하세요!!!❤️",,(S)베이컨치즈버거,1.17.토,1,1444469421,H000000,1,https://pup-review-phinf.pstatic.net/MjAyNjAxMTdfMjQx/MDAxNzY4NjI4NzU2MzQy.bxQ2p8HFQGyBRbNt6yu1F7rhLrm6TA4zvPMv8qbXs2Ag.fiXxUGSB3jSd30HK6E1TKGosXhHwLMRbAxeh9oZyWyog.JPEG/DA683BDB-D272-4ED6-BE1C-0904F784B5FB.jpeg,images/1444469421_73_0.jpg,1,"음식이 맛있어요, 재료가 신선해요, 친절해요, 매장이 청결해요, 주차하기 편해요","(예약 없이 이용), 대기 시간(바로 입장), (친목), (친구)",,
696b0b2b79212e0469ec819b,쉘터버거 목동,정말 맛있어여!!!!!!,,(S)치즈버거,1.17.토,1,1444469421,88832,1,https://pup-review-phinf.pstatic.net/MjAyNjAxMTdfMTA4/MDAxNzY4NjIyODY5NjA0.Rn1ugteFpmU5znOX55WRZBwwfTdvzyQQOEqeNRaR5PEg.Fnm6PHmoyYjV__dwLg3GSi_1zMf1SL_jrtJnfJ-O-z4g.JPEG/image.jpg,images/1444469421_74_0.jpg,1,"음식이 맛있어요, 재료가 신선해요, 특별한 메뉴가 있어요, 인테리어가 멋져요, 매장이 청결해요","(예약 없이 이용), 대기 시간(바로 입장), (친목), (친구)",,
696aff6eb3fbdf7b80576472,쉘터버거 목동,트러플버거 더블치즈버거 스윗포테이토 먹었는데 다 맛있었어요~~~ 반려동물 동반 주차 가능해서 너무 좋네요 ㅎㅎ,,(B)더블치즈버거,1.17.토,1,1444469421,쏘쏘5120,1,https://pup-review-phinf.pstatic.net/MjAyNjAxMTdfOCAg/MDAxNzY4NjE5ODgzOTc3.WzEaXub2yvAIsewwy2Ryu8Ks2pLM87XhzSkJPX4jrEMg.wEWUhosZAsFzZfwtBZpfEALpSSbIH0ezcP5NBUyq56og.JPEG/124E43B4-7CDD-43D2-B81A-5DDCC174A9B2.jpeg | https://pup-review-phinf.pstatic.net/MjAyNjAxMTdfMTUy/MDAxNzY4NjE5ODgzODAz.kMO16K3BnVIS3_3gPXHboeTpmzUrJKj0xnmgvb-GQbsg.KGm9lFFcyFyLjoPzkJ5ZBlxXMlPvcEJKl-pKLLC0qXwg.JPEG/0B485110-5DC5-4C7E-867F-F8A41DFBF3F0.jpeg?type=w1500_60_sharpen | https://pup-review-phinf.pstatic.net/MjAyNjAxMTdfNjEg/MDAxNzY4NjE5ODg0MzIx.4eh2e03X55MOQftVItu4_8ux-QBH0Bt6QkAYa8qIZ7Eg.KX5bZNm71WCzBW_OnFnlLKhcSnGfDwBFDqTMkO4dmmAg.JPEG/6B96F832-026B-4C40-98CF-14262DC82ACF.jpeg?type=w1500_60_sharpen | https://pup-review-phinf.pstatic.net/MjAyNjAxMTdfNTgg/MDAxNzY4NjE5ODg0MTYw.QQXr6hbRJaRFl3wlbAwX1w0QDR66u27OjNW3Q6m_Owkg.aSzDnQrgH1hnneVR_sphxkwOie29V51CkZX8aW5Wk7Mg.JPEG/0FEF3995-C69E-4C03-9E33-547999488304.jpeg?type=w1500_60_sharpen,images/1444469421_75_1.jpg | images/1444469421_75_2.jpg | images/1444469421_75_3.jpg | images/1444469421_75_0.jpg,4,"음식이 맛있어요, 인테리어가 멋져요, 친절해요",,,
696870017c7f1d1f5a29e527,쉘터버거 목동,수제버거가 먹고싶어 찾아왔는데 재료도 신선하고 너무 맛있어요~! 또 먹으러 올게요!,,(B)하와이안버거,1.15.목,1,1444469421,ky0566,1,https://pup-review-phinf.pstatic.net/MjAyNjAxMTVfNjMg/MDAxNzY4NDUyMDk0ODAw.Z2MPmwGEn9NCHINETAtUYf96-ORP2C_R_Qnp-6mwP10g.gAa3ih3TGVv1SGv3xOGOKNbUGRht88t1nVLceNlAoNkg.JPEG/3E103786-A130-4EAD-81B4-12E7F5ECF6B0.jpeg | https://pup-review-phinf.pstatic.net/MjAyNjAxMTVfMTc0/MDAxNzY4NDUyMDk1MTQw.n03h7L8CHjM4hUEdW1w3KBWbV-rW-bniC66OWD4UvPUg.sNmxrkoJJsDxhDHsRNIQ6_rz2WEQBAangb2lAmIOpNAg.JPEG/9D48A183-2339-40F2-8F7C-953040AB80FF.jpeg?type=w1500_60_sharpen | https://pup-review-phinf.pstatic.net/MjAyNjAxMTVfNDMg/MDAxNzY4NDUyMDkzOTE2.5YMbQfWE-Yw2SKJd4GVK3I1jQb0Ann8mBKL9k5GApjwg.G6bUqCugV45ormVEOZwy-jNJfjUq9eIXYMFRp3tZdLsg.JPEG/5168EF2A-1615-4FE8-A27D-FE9DFDE71E29.jpeg?type=w1500_60_sharpen | https://pup-review-phinf.pstatic.net/MjAyNjAxMTVfMjEw/MDAxNzY4NDUyMDk1NTY4.q61YOrvrSlng2_9ecbXn6cPBuwoD5TRVl8CLzj2t-_cg.30EIAIQ4ekECtDlSJUzMv9lszh4_bcbowm4dlqH1gnMg.JPEG/41512CA6-3CB8-48A6-BAEA-4EEF243072B3.jpeg?type=w1500_60_sharpen,images/1444469421_76_1.jpg | images/1444469421_76_2.jpg | images/1444469421_76_3.jpg | images/1444469421_76_0.jpg,4,"음식이 맛있어요, 재료가 신선해요, 인테리어가 멋져요","(예약 없이 이용), 대기 시간(바로 입장), (친목), (친척・형제자매)",,
696610b7517fcf9d2b79ffc4,쉘터버거 목동,"유명한 쉘터버거에 왔습니다!!
너무너무 친절하시고 맛도 너무너무 좋아요!
아보카도 추천입니다!!",,(B)아보카도버거,1.13.화,1,1444469421,akf1,1,https://pup-review-phinf.pstatic.net/MjAyNjAxMTNfMjMw/MDAxNzY4Mjk2NjI5ODEx.uGCaEvYsSa89sxLznHmhIMoDYGjIou344uNHI9BM8nIg.KBXxlhEoxGLF_E7ntjkK8__2j1CcHGv__EkD_0QWPN4g.JPEG/E25B3D3C-4518-424B-8867-45FA15385AF7.jpeg,images/1444469421_77_0.jpg,1,"양이 많아요, 음식이 맛있어요, 인테리어가 멋져요, 아늑해요, 친절해요","(예약 없이 이용), 대기 시간(바로 입장), (친목), (친구)",,
69623acaf1509a95d4d39dfd,쉘터버거 목동,"시장에서 장보고 지나다니면서 설마 맛있을까? 했었는데.. 오우 맛있네요. 패티에 진심이더라구요. 육즙 팡팡. 토마토나 양배추 채소가 더 들어가면 느끼하지 않게 더 많이 먹을 수 있을 것 같아요. 감자 튀김은 좀 더 두꺼우면 맛날 것 같아요. 과자 느낌? 후추 빼주세요 ~ 옵션이 있음 좋겠어요. 
다른 메뉴도 정복할래요. 냠냠",,(S)베이컨치즈버거,1.10.토,1,1444469421,하랑엄마 남양,1,https://pup-review-phinf.pstatic.net/MjAyNjAxMTBfMTM4/MDAxNzY4MDQ1MjU0NDIz.b5HrtjAlP5ZCevSiW3zdEW8buPKX4sI31OXuCc9TV9Ig.GGdxbbubq-pkdTxmA2xRcJco2QXdCuuq0Rv2__yviyIg.JPEG/46EDD53C-D718-406F-A3F5-93566691E877.jpeg | https://pup-review-phinf.pstatic.net/MjAyNjAxMTBfODQg/MDAxNzY4MDQ1MjU2NTMy.pmSC2MYjLY6DE5zLX1wLNXqi1MaIZFWXaLOOPxJXS4kg.0L6wQPQGM4sxRwjnKrPYrq6Rm2AUueMPnBxVDqaTQd8g.JPEG/E48364CC-911A-4671-9999-EEA631EFD9E8.jpeg?type=w1500_60_sharpen | https://pup-review-phinf.pstatic.net/MjAyNjAxMTBfMTgy/MDAxNzY4MDQ1MjU2NjY2.nqoPQ3UIcnhfeue1aEf9VFzSYxdDlxlwj5b7M5u4oKUg.Z4bgjR5NqykyE0V_olbr002Io3fi1_foIwum68m6CHog.JPEG/43E36AB2-9AB2-48F7-B496-1098D35A625C.jpeg?type=w1500_60_sharpen | https://pup-review-phinf.pstatic.net/MjAyNjAxMTBfNDgg/MDAxNzY4MDQ1MjU0Njgx.XJyN9yWto4R9gSNGU-AHWBM7r5cXjIw4SvE2syc1Tiog.0KctHPp8aRmGaq7H-roZNGkvPGQGAj09KyvlUJi7RlYg.JPEG/B7B0BBD5-09A7-4550-951C-73E999ACB6BD.jpeg?type=w1500_60_sharpen | https://pup-review-phinf.pstatic.net/MjAyNjAxMTBfNzYg/MDAxNzY4MDQ1MjU2ODUx.ij-3t2wqYODf13vUvD0mKjISekot5JOhbdLoWKEi_l0g.f7RoKyS4xgjj8myyG0qtjrNriRSRysSOHpd2CIruZ4Eg.JPEG/8205C79E-5F30-4241-9CFB-56691D130659.jpeg?type=w1500_60_sharpen,images/1444469421_78_3.jpg | images/1444469421_78_1.jpg | images/1444469421_78_2.jpg | images/1444469421_78_4.jpg | images/1444469421_78_0.jpg,5,"음식이 맛있어요, 재료가 신선해요, 혼밥하기 좋아요","(예약 없이 이용), 대기 시간(바로 입장), (일상), (혼자)",,
696071bd7d5c6ff845022da7,쉘터버거 목동,직원들 왜이렇게 불친절해요?? 직원 한두명도 아니고 전체가 그렇게 불친절할 수가 있나요? 장사 그런식으로 하실 거면 그냥 배달만 받으세요,,,1.9.금,0,1444469421,수정5849,1,,,0,디저트가 맛있어요,"(예약 없이 이용), 대기 시간(바로 입장), (일상), (혼자)",,"수정 5849님, 이용에 불편드려 죄송합니다 ㅜㅜ지금까지 장사하면서 친절하다는 이야기만 들어보고 불친절하다는 내용을 처음 들어봐서.. 혹시 어느 시간대에 무슨일이 있으셨는지 괜찮으시다면 인스타 디엠으로나 쉘터버거 네이버 메세지로 보내주실 수 있으실까요?? ㅜㅜ 내용 확인해서 교육 하겠습니다!"
695dceaae34cf3feb2f597fa,쉘터버거 목동,"혼자 왔는데 넘 맛있게 먹었습니다
치폴레 감자튀김 소스가 매콤하니 좋네요
아보카도 버거 너무 강추합니다
번과 잘어울리네요",,(S)아보카도버거,1.7.수,1,1444469421,운칠기삼125,1,https://pup-review-phinf.pstatic.net/MjAyNjAxMDdfNzAg/MDAxNzY3NzU1NDMxODk1.O3iXgkLQHmF5rZsBjDD7sxdpp0zof5wJ5sywDNqplNog.jgjaC4h2wR_iwAf7WGSoUSd1QFXHUhxtp--vTv7OBIcg.JPEG/BFEF2496-BC8F-47CD-B99A-399991AD109F.jpeg | https://pup-review-phinf.pstatic.net/MjAyNjAxMDdfMjU3/MDAxNzY3NzU1NDMxNzk2.vQneCV7UidKPsX1__K2Ki5WulHDSgTo9np35JEt3AS8g.M04Ugt1Pr04v0PYg3PSkpDxtJPxO4a1qlHPRAbdhf_4g.JPEG/C77EB52C-09F0-4255-BFCD-C5061452FB97.jpeg?type=w1500_60_sharpen | https://pup-review-phinf.pstatic.net/MjAyNjAxMDdfNzEg/MDAxNzY3NzU1NDMwODU3.4gtTtSvYOX5-4--pE9OTTzPR31LMegDMvia1pORGfYEg.LfDxoWri62OguqrvkY1Egbk0Iapx3BlXndIq2qvuERsg.JPEG/EFDBD18C-D915-423E-A797-EDC209B88A15.jpeg?type=w1500_60_sharpen,images/1444469421_80_2.jpg | images/1444469421_80_1.jpg | images/1444469421_80_0.jpg,3,"음식이 맛있어요, 재료가 신선해요, 혼밥하기 좋아요, 친절해요","(예약 없이 이용), 대기 시간(바로 입장), (일상), (혼자)",,
695bd1e6a4b0eb28176f277e,쉘터버거 목동,버거류 모두 맛있어요,,(S)해쉬브라운버거,1.5.월,0,1444469421,서언12,1,,,0,"음식이 맛있어요, 재료가 신선해요, 특별한 메뉴가 있어요, 혼밥하기 좋아요, 매장이 청결해요","(포장·배달 이용), 대기 시간(바로 입장), (일상), (혼자)",,
695b3b06218b60c3899b04c2,쉘터버거 목동,가양동 올때마다 꼭 먹으러 오는 버거집!! 여기 만큼 맛있는 저거집은 근처에 없을듯😇 혼자와서 먹기도 좋구 주차도 편해요,,(S)더블치즈버거,1.5.월,1,1444469421,그레이트초이,1,https://pup-review-phinf.pstatic.net/MjAyNjAxMDVfNjIg/MDAxNzY3NTg2NTY0MjYy.MPx87SIt5P7xqrQGKCVtelDkIfJccViak9U0lzI6Flsg.TRTnO-S8nP14inmaZgfa81VulO0MRgd4dq5JQF9xE94g.JPEG/0215AE7D-CB5B-43C9-8E5D-7DC425A725CA.jpeg | https://pup-review-phinf.pstatic.net/MjAyNjAxMDVfMjk2/MDAxNzY3NTg2NTY0NDcz.xhHneh-mxoJ1891rqlZRs-7XJ5zOgUpyemy-StlbHysg.S-VJn_w-htJi_iOUTB9teS4U4tA48TFPfVF_AzU1pjsg.JPEG/4DFDD681-B807-4E4C-87ED-D96CFA737338.jpeg?type=w1500_60_sharpen,images/1444469421_82_1.jpg | images/1444469421_82_0.jpg,2,"음식이 맛있어요, 재료가 신선해요, 혼밥하기 좋아요, 매장이 청결해요, 주차하기 편해요","(예약 없이 이용), 대기 시간(바로 입장), (데이트), (혼자)",,
6958bf12a886fed42b98ea81,쉘터버거 목동,"배달만 하다 포장은 처음 해보는데 이전하고 매장이 멋있어졌네요! 동네에 맛집이 있어서 행복해요 코울슬로도 첨 먹어보는데 맛있어요~~ 
-코울슬로 사랑단-",,(S)치즈버거,1.3.토,1,1444469421,쥰76,1,https://pup-review-phinf.pstatic.net/MjAyNjAxMDNfMTUz/MDAxNzY3NDIzNzU5OTcw.K8YBBjoJxIXwPDjhYxg3eQsQW8jQ8xOZH9j6NNBLGwAg.qsVePNeDgbbV759OvgTDKvTfrBspWZ2GMx7zTW5q_psg.JPEG/2590E188-D573-4DA4-A23B-8ADA4630E489.jpeg,images/1444469421_83_0.jpg,1,"음식이 맛있어요, 재료가 신선해요, 인테리어가 멋져요, 친절해요","(포장·배달 이용), 대기 시간(바로 입장), (일상), (혼자)",,
69587bf5878f648693a1b211,쉘터버거 목동,넘 맛있어요!!🍔,,(B)아보카도버거,1.3.토,1,1444469421,zzz****,1,https://pup-review-phinf.pstatic.net/MjAyNjAxMDNfMjY4/MDAxNzY3NDA2NTc5MjMz.vO7L170XLE0yHCMGTvy0LDRmVyehYg51zp7es0MfR6Mg.oubY9b3pCCHI8-Tyo73S4oJ99FHBMUaXg2TFswsvHb8g.JPEG/5D1F03F7-975A-429A-8EB5-D63211D12520.jpeg,images/1444469421_84_0.jpg,1,"음식이 맛있어요, 음악이 좋아요, 혼밥하기 좋아요, 매장이 넓어요, 매장이 청결해요","(예약 없이 이용), 대기 시간(바로 입장), (일상), (혼자)",,
699046d3eba189dc6810ddf3,쉘터버거 목동,자주 사먹어요. 고기에서 냄새 안나고 맛있어요. 엄마가 좋아하세요.아보카도 버거 자주 먹습니다.추천해요.,,아보카도버거,2.14.토,1,1444469421,kkb****,1,https://pup-review-phinf.pstatic.net/MjAyNjAyMTRfMzcg/MDAxNzcxMDYyOTkzNzMy.rDlhCKxc4CpEo-uBbInHdPOjTZ7d-WgkFva5fY3OnM8g.bZCaiLGsCW9OJYS1SxuJo_rE_S7I0mSONNOK77pKNJIg.JPEG/20260214_184419.jpg.jpg,images/1444469421_85_0.jpg,1,"음식이 맛있어요, 잡내가 적어요, 재료가 신선해요","(포장·배달 이용), 대기 시간(바로 입장), (일상), (혼자,부모님)",,
695889803f7090218bcbffa9,쉘터버거 목동,맛있게 먹었습니다 굿,,아보카도버거,1.3.토,1,1444469421,룰루1446,1,https://pup-review-phinf.pstatic.net/MjAyNjAxMDNfMTEw/MDAxNzY3NDEwMDQ1NzI0.mo-riIW_9-oUJrLVnCuH3RPRNS4Imdc-gJx0bhanF54g.XzrKo_nh01PpZ9iMdWuCIWjpdpghsVb8zHXGUqtqgLEg.JPEG/20260102_174556.jpg.jpg,images/1444469421_86_0.jpg,1,음식이 맛있어요,"(포장·배달 이용), 대기 시간(바로 입장), (일상)",,
69567f4064aa578e46c05270,쉘터버거 목동,등촌 수제버거집중 탑입니다! 진짜 너무 맛있어요!!! 매번 여기서 먹습니다!,,아보카도버거,1.1.목,1,1444469421,톰브라운60,1,https://pup-review-phinf.pstatic.net/MjAyNjAxMDFfMjcw/MDAxNzY3Mjc2MzQ5NzMy.Wf1VJ_XiBgH8BEI_UbcuNidvEFcNrcAJL8QR24IXgO4g.UsI5Ro2emcoRUECP50EBb5-OHerwdzyrvSyNFovz0Nsg.JPEG/1000018343.jpg.jpg,images/1444469421_87_0.jpg,1,음식이 맛있어요,"(포장·배달 이용), 대기 시간(바로 입장), (일상), (연인・배우자)",,
69607acefe916cb1008d1ba8,쉘터버거 목동,이 동네 수제버거의 기둥!!,,(B)아보카도버거,1.9.금,0,1444469421,Doongs,1,,,0,"인테리어가 멋져요, 혼밥하기 좋아요, 음식이 맛있어요, 특별한 메뉴가 있어요","(예약 없이 이용), 대기 시간(바로 입장), (데이트), (연인・배우자,아이)",,
695397cd6899f32065d94a78,쉘터버거 목동,예전 매장일때부터 왔었어요~ 여전히 맛있습니다ㅎㅎ 매장도 넓어져서 좋네용,,(S)아보카도버거,25.12.30.화,1,1444469421,햄즈,1,https://pup-review-phinf.pstatic.net/MjAyNTEyMzBfNTcg/MDAxNzY3MDg2MDI3MjQ2.DnSgOMbNsgb7VPtxVvVqnXm5eObdEMqeI-fFs9b4zrsg.VSQ6hmbW7_VR0R3kGFi0qB_oCaCIdw0RUBYJa6YRwGYg.JPEG/3EBE734A-4C46-4301-88DA-CE0F75C7E7A2.jpeg | https://pup-review-phinf.pstatic.net/MjAyNTEyMzBfOSAg/MDAxNzY3MDg2MDI3MDM5.wlk80vuZW5VxEfnBUl_zNJW9RLE8Onmr2iT17xFK1zMg.6Ou4nFB6NamqLYViK1hTAWlh450lZ8irYXYEbjyrXnUg.JPEG/E095FF12-18AF-4AC3-9137-CA9B5797A8DC.jpeg?type=w1500_60_sharpen,images/1444469421_89_1.jpg | images/1444469421_89_0.jpg,2,"음식이 맛있어요, 인테리어가 멋져요","(예약 없이 이용), 대기 시간(바로 입장), (일상), (부모님,친척・형제자매)",,
695362304ec7e79bab1462e7,쉘터버거 목동,좋아요,,(B)베이컨치즈버거,25.12.30.화,0,1444469421,dja****,8,,,0,"친절해요, 음식이 맛있어요","(예약 없이 이용), 대기 시간(바로 입장), (친목), (연인・배우자)",,
6952fe8f0d5bc559d278d0da,쉘터버거 목동,믿고 먹는 쉘터버거! 집 근처라 몇 번째 재방문인지~ 그동안 치즈버거만 먹다가 스매쉬버거도 먹어봤는데 너무 맛있었습니다 최고🫶🏻,,치즈버거,25.12.30.화,1,1444469421,ad****,1,https://pup-review-phinf.pstatic.net/MjAyNTEyMzBfMjMw/MDAxNzY3MDQ2Nzk3NzE1.M1_49S9mNjEPPn3G6843InMlaYeA1Kn0n1QWEzLv3Acg.SrnmvQB6nZalCv_vb-g7LUKRSDhGXmdph9TPZoxy8v0g.JPEG/CB70579E-0745-407C-A6EB-3B487EC62419.jpeg,images/1444469421_91_0.jpg,1,"음식이 맛있어요, 인테리어가 멋져요, 친절해요","(포장·배달 이용), 대기 시간(30분 이내), (친목), (친척・형제자매)",,
6954a952c67a163bb3103c58,쉘터버거 목동,치즈버거 오리지널 프라이즈,,(S)치즈버거,25.12.31.수,1,1444469421,unique look,29,https://pup-review-phinf.pstatic.net/MjAyNTEyMzFfMjU2/MDAxNzY3MTU2MDQ5MDg1.7_NWFI1IWrqix7RbG3PrlmhXHw_bE94K1sn0EUv4odgg.KMwEARRknFRGq7yiSG6JUEQ6fOcHL8Rj8GT-V203ntgg.JPEG/0331AD03-E362-40CF-90FD-04FBA341DF10.jpeg | https://pup-review-phinf.pstatic.net/MjAyNTEyMzFfNDUg/MDAxNzY3MTU2MDQ4NzMy.geAlCskomZkH2icxK_dZ9MXvbRkk3aZatAugrsuF0bEg.JBqrxax8EEIaBcXlsFc9jvHqOzvo0SMFeJGdUhfFd4kg.JPEG/6D20187B-E563-4A3C-B460-3F1CBFAA3FA5.jpeg?type=w1500_60_sharpen,images/1444469421_92_1.jpg | images/1444469421_92_0.jpg,2,"음식이 맛있어요, 재료가 신선해요, 매장이 넓어요","(예약 없이 이용), 대기 시간(바로 입장), (혼자)",,
6951e8079bd56f6579d58f5c,쉘터버거 목동,"좋은 재료, 풍부한 맛, 편안한 마무리까지.
고기의 풍부한 맛과 소스 조합은 진짜 최고라고 생각합니다 :))

스매쉬더블에 채소베이컨, 트러플더블버거에 채소.
두 버거면 진짜 에너지 만땅이에요!
배달도 좋지만, 매장에서 꼭 드셔보세요!
깊이가 다를 겁니다 ~

1년 동안 정말 맛있는 버거를 먹어오고 있어요
가게 임직원 여러분 모두 항상 감사합니다 :)
미리 새해 복 많이 받으세요 😃",,(B)스매쉬버거,25.12.29.월,1,1444469421,버거앤바이크,11,https://pup-review-phinf.pstatic.net/MjAyNTEyMjlfMjM5/MDAxNzY2OTc1NDkyNzAw.h3pKQ3Qyscq_pxcWIdCNvmdmkybEl8Q1sqapUm6gIssg.vCmKqmCrdL9dN6Go6X4S2TFN35Udf8w-tshcUSi42YQg.JPEG/1000005303.jpg.jpg | https://pup-review-phinf.pstatic.net/MjAyNTEyMjlfMjc5/MDAxNzY2OTc1NDkyNTc5.DDv2pgBOYagjtVaQeuOaGKJRK9nR5kr6DYo8IFedLb4g.4fcigOajR0K8x5mM6iWZHt2HlMA13Fzz2kwCHvat--og.JPEG/1000005302.jpg.jpg?type=w1500_60_sharpen,images/1444469421_93_1.jpg | images/1444469421_93_0.jpg,2,"음식이 맛있어요, 특별한 메뉴가 있어요, 메뉴 구성이 알차요, 고기 질이 좋아요, 친절해요","(예약 없이 이용), 대기 시간(바로 입장), (일상), (혼자)",,
698ec77a20e86304639f56e6,쉘터버거 목동,잘 먹었습니다.,,(B)더블치즈버거,2.13.금,1,1444469421,벗겨먹는프링글스,3,https://pup-review-phinf.pstatic.net/MjAyNjAyMTNfMjk2/MDAxNzcwOTY0ODU3MTQ5.IVEI8H-xVNHFGrbrgmlk6GS-t59gQRsce3ZZeVISdL0g.LbQ4JOHVtKB9Dd6oWzaK6I6pqNGEdk7PSuuvDqbpaJ0g.JPEG/B612_20251227_200648_298.jpg.jpg,images/1444469421_94_0.jpg,1,,,,
694fb4afbdc70b6fb8d6e7cb,쉘터버거 목동,"맛있어서 재방문했어요!
버거 너어무 맛있어요👍 목동 맛집!",,(S)트러플버거,25.12.27.토,1,1444469421,호호옥수수,2,https://pup-review-phinf.pstatic.net/MjAyNTEyMjdfMjUw/MDAxNzY2ODMxMjc3ODky._JE6yN2VBBB1DlLflYhLQI63qVoAMAYWSGKbfNw2sdwg.vCcL_7q52TYMZhl_iVOqOJk9-sAXQeE9mt3hUWmR1YIg.JPEG/9EE71552-2E48-4873-BEA1-C41E9D03236A.jpeg,images/1444469421_95_0.jpg,1,"음식이 맛있어요, 특별한 메뉴가 있어요, 재료가 신선해요, 인테리어가 멋져요, 매장이 넓어요","(예약 없이 이용), 대기 시간(바로 입장), (친목), (친구)",,
694f705d9fd06adc2e5a6b48,쉘터버거 목동,주차장도 넓고해서 주차하기도 편하고 햄버거 먹어보면 또생각나서 여기오고싶은 햄버거집이에요 추천드려요~~,,(B)트러플버거,25.12.27.토,1,1444469421,koo****,1,https://pup-review-phinf.pstatic.net/MjAyNTEyMjdfMjM0/MDAxNzY2ODE0MzE4NjE1.S1MbtEGDfDPlI5g3oaFTxXyVSwjeeRDyPCJVdRxBdkog.4OJqcf7uDCjMpr-2xqzG5DpMg3ULq4o1CLw0J8Ij-b4g.JPEG/20251227_144343.jpg.jpg,images/1444469421_96_0.jpg,1,"음식이 맛있어요, 재료가 신선해요, 가성비가 좋아요, 혼밥하기 좋아요, 매장이 넓어요","(예약 없이 이용), 대기 시간(바로 입장), (데이트), (연인・배우자)",,
694cc58784a6208b22c6d807,쉘터버거 목동,"성탄에도 생각나서 왔어요
스윗포테이토도 맛있고 아이들이 좋아해요",,(S)더블치즈버거,25.12.25.목,1,1444469421,JANG50,3,https://pup-review-phinf.pstatic.net/MjAyNTEyMjVfMjIz/MDAxNzY2NjM4OTgwODUy.dc-fXURhrm8wwielPUOFD0398Tu80kdjSh-cPWYEpUkg.iOfB2i-uQrIVeUxN8rMLEX96iI8WW9xIak2fllI4GScg.JPEG/DD43A5AE-D4D2-4300-B634-4CDB34E2E155.jpeg,images/1444469421_97_0.jpg,1,"음식이 맛있어요, 건강한 맛이에요, 고기 질이 좋아요, 인테리어가 멋져요, 음악이 좋아요","(예약 없이 이용), 대기 시간(바로 입장), (가족모임), (아이)",,
694bbabbb0f1d642aaf79191,쉘터버거 목동,"전반적으로 간이 삼삼합니다! 근데 괜찮아요.
버거안에 토마토슬라이스도 두장, 패티도 맛잇구 양파도 달달하더라구요. 갠적으로는 감튀가 양이 더 적은대신 두꺼운걸로, 뜨겁게 나왔으면 어떨까 하는 생각! 

감사한 점이 피클이 셀프인데 새콤하구 맛있더라구요. 리뷰이벤트인 코울슬로도 식감두좋구 재료도 실하구🤍🧤
아 리뷰이벤트는 선제공 후 나갈때 확인도 괜찮을거같아요!! 버거 빨리 먹고싶어서ㅋㅋ🖤",,치즈버거,25.12.24.수,1,1444469421,캄샴,1,https://pup-review-phinf.pstatic.net/MjAyNTEyMjRfOTQg/MDAxNzY2NTcyNTE5ODg4.jpxt525TnnO3zR6Zko2eadOB3wIbz7xFKsRplONRCtUg.DDZJ4eyfhE1VpAEK39FpBNN2R7eG9_K-BdGV0WCuZBAg.JPEG/C5298FA4-2794-4B17-89F5-FA773C8C9AEA.jpeg | https://pup-review-phinf.pstatic.net/MjAyNTEyMjRfMTcg/MDAxNzY2NTcwNjgxOTc4.I14um4d0q3wa6TdMqv5fQRKf0cx1XRMqqb392oCCMY0g.3X-03FRFuxaV5gdi9xHgmpOO8ovg7TWZNSRryW-FsbEg.JPEG/2AC25E53-ED71-47D3-9207-BA099E859B02.jpeg?type=w1500_60_sharpen,images/1444469421_98_1.jpg | images/1444469421_98_0.jpg,2,음식이 맛있어요,"(예약 없이 이용), 대기 시간(바로 입장), (일상), (혼자)",,
694b7100f83bf64e657b7ea9,쉘터버거 목동,버거가 육즙이 엄청나요 ㅎㅎㅎ 뜨거운데 너무 맛있어서 호호 불어가며 먹었어요! 다음에 또 오고 싶어요 😊,,스매슈버거,25.12.24.수,1,1444469421,온새벽,1,https://pup-review-phinf.pstatic.net/MjAyNTEyMjRfMTkg/MDAxNzY2NTUxODA1Nzc2._lufrpXFTdE3rgrGXN0b_mBdsZrgYr3anT37pDp_4rYg.twxuYxQ7992rNuK5PKn96rt61ozgOfqLLQXawd132NMg.JPEG/1000012598.jpg.jpg,images/1444469421_99_0.jpg,1,"음식이 맛있어요, 재료가 신선해요, 인테리어가 멋져요, 친절해요, 매장이 청결해요","(예약 없이 이용), 대기 시간(바로 입장), (친목), (친구)",,
